accountHooliId,samUid
0013600001txwdG,rJgV_bOJ4
0013600001ssRCj,rJgV_bOJ4
0013600001sq4QQ,rJgV_bOJ4
0013600001spvU5,rJgV_bOJ4
0013600001usBhq,rJgV_bOJ4
0011R000022goiG,rJgV_bOJ4
0013600001xrvmp,rJgV_bOJ4
0013600001xs1Kt,rJgV_bOJ4
0011R00001xsm4a,rJgV_bOJ4
0011R00001xsm7C,rJgV_bOJ4
0011R00001xsmWn,rJgV_bOJ4
0013600001xsVJn,rJgV_bOJ4
0013600001xsVSb,rJgV_bOJ4
0011R000025h6od,rJgV_bOJ4
0013600001xrv9B,rJgV_bOJ4
0013600001xrvzw,rJgV_bOJ4
0011R00001xsmaQ,rJgV_bOJ4
0013600001xsVYU,rJgV_bOJ4
0013600001ng2Xl,rJgV_bOJ4
0013600001ng2rq,rJgV_bOJ4
0013600001msyNo,rJgV_bOJ4
0013600001msyNs,rJgV_bOJ4
0013600001msyNv,rJgV_bOJ4
0013600001msyNw,rJgV_bOJ4
0013600001msyO1,rJgV_bOJ4
0013600001msyO2,rJgV_bOJ4
0013600001msyO3,rJgV_bOJ4
0013600001msyO8,rJgV_bOJ4
0013600001msyOB,rJgV_bOJ4
0013600001msyOG,rJgV_bOJ4
0013600001msyOQ,rJgV_bOJ4
0013600001msyOR,rJgV_bOJ4
0013600001msyOS,rJgV_bOJ4
0013600001msyPD,rJgV_bOJ4
0013600001msyPE,rJgV_bOJ4
0013600001msyPF,rJgV_bOJ4
0013600001msyPG,rJgV_bOJ4
0013600001msyPH,rJgV_bOJ4
0013600001msyPI,rJgV_bOJ4
0013600001msyMQ,rJgV_bOJ4
0013600001xrwOm,rJgV_bOJ4
0013600001xs0eE,rJgV_bOJ4
0013600001xsUMS,rJgV_bOJ4
0011R00001xsmDp,rJgV_bOJ4
0013600001xrvHK,rJgV_bOJ4
0011R00001xsmUI,rJgV_bOJ4
0011R00001xslyd,rJgV_bOJ4
0013600001xsTdo,rJgV_bOJ4
0013600001oYEpq,rJgV_bOJ4
0013600001oEatS,rJgV_bOJ4
0013600001oWeVu,rJgV_bOJ4
0013600001oYEr8,rJgV_bOJ4
0013600001ow6G2,rJgV_bOJ4
0013600001oYEoO,rJgV_bOJ4
0013600001xsV4z,rJgV_bOJ4
0013600001xrzIr,rJgV_bOJ4
0013600001xruwk,rJgV_bOJ4
0013600001xsU2e,rJgV_bOJ4
0013600001xrq3c,rJgV_bOJ4
0013600001xsTuf,rJgV_bOJ4
0011R00001xsltD,rJgV_bOJ4
0013600001xrv33,rJgV_bOJ4
0013600001xrvcm,rJgV_bOJ4
0013600001xs0k7,rJgV_bOJ4
0013600001xrvs7,rJgV_bOJ4
0013600001xrudj,rJgV_bOJ4
0013600001xs1BN,rJgV_bOJ4
0011R00001xsm2V,rJgV_bOJ4
0013600001xsVfL,rJgV_bOJ4
0013600001qX0Ko,rJgV_bOJ4
0013600001qWwX7,rJgV_bOJ4
0013600001qX4l7,rJgV_bOJ4
0013600001qxZaf,rJgV_bOJ4
0013600001qWssE,rJgV_bOJ4
0013600001pyRBp,rJgV_bOJ4
0013600001xsVcg,rJgV_bOJ4
0013600001tL8me,BksWrq8yE
0013600001rrf9I,BksWrq8yE
0013600001rreu0,BksWrq8yE
0013600001s5elJ,BksWrq8yE
0013600001tw6VM,BksWrq8yE
0013600001tL4mi,BksWrq8yE
0013600001ssG0M,BksWrq8yE
0013600001uETZ3,BksWrq8yE
0013600001uDNpi,BksWrq8yE
0013600001ssKBh,BksWrq8yE
0013600001sgBdp,BksWrq8yE
0013600001sq6t6,BksWrq8yE
0013600001uDNok,BksWrq8yE
0013600001vFj7x,BksWrq8yE
0013600001vg8pe,BksWrq8yE
0013600001vFilr,BksWrq8yE
0013600001vgqLq,BksWrq8yE
0013600001vfwik,BksWrq8yE
0013600001vfuZ4,BksWrq8yE
0013600001vibwi,BksWrq8yE
0013600001w0yW5,BksWrq8yE
0013600001w0xfl,BksWrq8yE
0013600001tu2np,BksWrq8yE
0011R00001zD56F,BksWrq8yE
0013600001w0CDW,BksWrq8yE
0011R00001zF0gd,BksWrq8yE
0013600001w0CXQ,BksWrq8yE
0013600001w0Cmp,BksWrq8yE
0013600001w129f,BksWrq8yE
0013600001w16dr,BksWrq8yE
0011R000021pQOg,BksWrq8yE
0011R000021srEt,BksWrq8yE
0011R000021spm2,BksWrq8yE
0011R000021scMw,BksWrq8yE
0011R000021szjM,BksWrq8yE
0011R000021spqu,BksWrq8yE
0011R000021szbr,BksWrq8yE
0011R000022da8J,BksWrq8yE
0011R000022dJiN,BksWrq8yE
0011R000022dZEE,BksWrq8yE
0011R000022dJhZ,BksWrq8yE
0011R000022dLBj,BksWrq8yE
0011R00001xtCW0,BksWrq8yE
0011R000022dtIH,BksWrq8yE
0011R000022dtXi,BksWrq8yE
0011R000022e4e1,BksWrq8yE
0011R000022e6BD,BksWrq8yE
0011R000022e4tn,BksWrq8yE
0011R000022e5Qw,BksWrq8yE
0013600001w2675,BksWrq8yE
0011R00001zCmFb,BksWrq8yE
0011R00001zDWMc,BksWrq8yE
0011R00001zDJjk,BksWrq8yE
0011R00001zCt6O,BksWrq8yE
0011R00001zD49P,BksWrq8yE
0011R00001zEAH1,BksWrq8yE
0011R00001zCu31,BksWrq8yE
0011R00001zD4Bf,BksWrq8yE
0013600001xr6nV,BksWrq8yE
0011R00001zBaaD,BksWrq8yE
0011R00001zEpq4,BksWrq8yE
0011R000024n2Mi,BksWrq8yE
0011R000024n1oF,BksWrq8yE
0011R000025h5FI,BksWrq8yE
0011R00001zBaiQ,BksWrq8yE
0013600001nDZbK,BksWrq8yE
0013600001kse7v,BksWrq8yE
0013600001kse8F,BksWrq8yE
0013600001kse8j,BksWrq8yE
0013600001msyMl,BksWrq8yE
0013600001msyP2,BksWrq8yE
0013600001msyPC,BksWrq8yE
0013600001xqHGR,BksWrq8yE
0013600001xqKN9,BksWrq8yE
0013600001xqlF1,BksWrq8yE
0013600001xru8f,BksWrq8yE
0013600001xqje1,BksWrq8yE
0011R00001zBK9r,BksWrq8yE
0011R00001zE8oB,BksWrq8yE
0011R00001zEf9B,BksWrq8yE
0011R00001zEe1O,BksWrq8yE
0011R00001zEA86,BksWrq8yE
0011R00001zEeaZ,BksWrq8yE
0013600001pJYfj,BksWrq8yE
0013600001pJbkU,BksWrq8yE
0013600001oYEx6,BksWrq8yE
0013600001oYFaQ,BksWrq8yE
0013600001ow5it,BksWrq8yE
0013600001oVrEq,BksWrq8yE
0013600001oUOCa,BksWrq8yE
0013600001oYFdK,BksWrq8yE
0013600001pvYza,BksWrq8yE
0013600001pxJbv,BksWrq8yE
0013600001oWecR,BksWrq8yE
0013600001ow5hR,BksWrq8yE
0013600001ovOw7,BksWrq8yE
0013600001xrX1I,BksWrq8yE
0013600001xqnDB,BksWrq8yE
0011R00001zC4vf,BksWrq8yE
0013600001xrabE,BksWrq8yE
0013600001pxOer,BksWrq8yE
0013600001rG352,BksWrq8yE
0013600001rFuBY,BksWrq8yE
0013600001rEuLd,BksWrq8yE
0013600001qwmTW,BksWrq8yE
0013600001qWu5Y,BksWrq8yE
0013600001qviBM,BksWrq8yE
0013600001pyUzp,BksWrq8yE
0013600001qWCyO,BksWrq8yE
0013600001s5Yzu,SkbN9_H14
0013600001s5YWr,SkbN9_H14
0013600001s5bR3,SkbN9_H14
0013600001s5ZFT,SkbN9_H14
0013600001s5abg,SkbN9_H14
0013600001tnULY,SkbN9_H14
0013600001tvAsK,SkbN9_H14
0013600001s5ary,SkbN9_H14
0013600001us5yg,SkbN9_H14
0013600001tmVAm,SkbN9_H14
0013600001tvEXY,SkbN9_H14
0013600001tL7fJ,SkbN9_H14
0013600001utrif,SkbN9_H14
0013600001uu1Bu,SkbN9_H14
0013600001vEchu,SkbN9_H14
0013600001vBjQD,SkbN9_H14
0013600001uu124,SkbN9_H14
0013600001vfABF,SkbN9_H14
0013600001uu1gn,SkbN9_H14
0013600001uu1Mx,SkbN9_H14
0013600001w09tm,SkbN9_H14
0013600001w0Fj4,SkbN9_H14
0013600001w0was,SkbN9_H14
0013600001w0w56,SkbN9_H14
0013600001w0dV3,SkbN9_H14
0011R00001zBINY,SkbN9_H14
0011R00001zBIJo,SkbN9_H14
0013600001w0wKn,SkbN9_H14
0013600001w0w7x,SkbN9_H14
0013600001w0qiK,SkbN9_H14
0013600001w0wGR,SkbN9_H14
0013600001w0w4N,SkbN9_H14
0013600001w0wP4,SkbN9_H14
0013600001w0qaz,SkbN9_H14
0011R000021sadm,SkbN9_H14
0013600001w0wWU,SkbN9_H14
0011R00001zBiih,SkbN9_H14
0011R00001zBIKX,SkbN9_H14
0011R00001xtO2E,SkbN9_H14
0011R000022dnn9,SkbN9_H14
0011R000022dsmb,SkbN9_H14
0011R000022dqVv,SkbN9_H14
0011R00001zBIMz,SkbN9_H14
0011R00001zBikw,SkbN9_H14
0011R000024k6Yy,SkbN9_H14
0011R000024k6aX,SkbN9_H14
0011R000024lTyX,SkbN9_H14
0011R000024lU4J,SkbN9_H14
0011R000025h77q,SkbN9_H14
0011R000025h7GV,SkbN9_H14
0011R000025h7eu,SkbN9_H14
0011R000025h7Rp,SkbN9_H14
0011R000025h7s9,SkbN9_H14
0011R000025h71o,SkbN9_H14
0011R000025h7Ob,SkbN9_H14
0011R00001xt3qr,SkbN9_H14
0013600001xrEz5,SkbN9_H14
0013600001w3SyL,SkbN9_H14
0013600001xpNmD,SkbN9_H14
0013600001xpNRZ,SkbN9_H14
0013600001w3Ssr,SkbN9_H14
0013600001w3TBF,SkbN9_H14
0013600001w3MwS,SkbN9_H14
0013600001w3OH4,SkbN9_H14
0013600001w3T5H,SkbN9_H14
0013600001w3T8G,SkbN9_H14
0013600001xpMQa,SkbN9_H14
0013600001xpMmZ,SkbN9_H14
0013600001xpyFA,SkbN9_H14
0013600001ng6VP,SkbN9_H14
0013600001nhiEJ,SkbN9_H14
0013600001ng6WS,SkbN9_H14
0013600001msyMk,SkbN9_H14
0013600001msyN4,SkbN9_H14
0013600001msyN5,SkbN9_H14
0013600001msyO0,SkbN9_H14
0013600001msyO4,SkbN9_H14
0013600001msyO6,SkbN9_H14
0013600001msyOX,SkbN9_H14
0013600001msyOY,SkbN9_H14
0013600001msyOb,SkbN9_H14
0013600001msyOc,SkbN9_H14
0013600001msyOd,SkbN9_H14
0013600001msyOe,SkbN9_H14
0013600001msyOf,SkbN9_H14
0013600001msyOg,SkbN9_H14
0013600001msyOh,SkbN9_H14
0013600001msyOi,SkbN9_H14
0013600001msyOj,SkbN9_H14
0013600001msyOk,SkbN9_H14
0013600001msyOl,SkbN9_H14
0013600001msyOm,SkbN9_H14
0013600001msyOn,SkbN9_H14
0013600001msyOo,SkbN9_H14
0013600001msyOp,SkbN9_H14
0013600001msyP0,SkbN9_H14
0013600001msyMN,SkbN9_H14
0013600001msyMO,SkbN9_H14
0013600001msyMe,SkbN9_H14
0013600001w3TCr,SkbN9_H14
0013600001w3Ole,SkbN9_H14
0013600001w3NJf,SkbN9_H14
0013600001w3TFq,SkbN9_H14
0013600001xqH81,SkbN9_H14
0013600001xqHD8,SkbN9_H14
0013600001xpNs2,SkbN9_H14
0013600001xqHpM,SkbN9_H14
0013600001xqHjd,SkbN9_H14
0013600001xqHZs,SkbN9_H14
0013600001xqHMA,SkbN9_H14
0013600001xrYd4,SkbN9_H14
0013600001xqH9n,SkbN9_H14
0013600001xpMef,SkbN9_H14
0013600001xqGqv,SkbN9_H14
0013600001xqHW5,SkbN9_H14
0013600001njUo6,SkbN9_H14
0013600001oGuj0,SkbN9_H14
0013600001otop2,SkbN9_H14
0013600001ovFZp,SkbN9_H14
0013600001otov5,SkbN9_H14
0013600001pIkJo,SkbN9_H14
0013600001oGuiC,SkbN9_H14
0013600001otnGA,SkbN9_H14
0013600001otnOF,SkbN9_H14
0013600001otowN,SkbN9_H14
0013600001otosV,SkbN9_H14
0013600001otnL1,SkbN9_H14
0013600001pIleJ,SkbN9_H14
0013600001otnhV,SkbN9_H14
0013600001otoqt,SkbN9_H14
0013600001pIlV2,SkbN9_H14
0013600001pIkSl,SkbN9_H14
0013600001pImPa,SkbN9_H14
0013600001otocf,SkbN9_H14
0013600001otogI,SkbN9_H14
0013600001oVtNG,SkbN9_H14
0013600001otn95,SkbN9_H14
0013600001otwV2,SkbN9_H14
0013600001otn5g,SkbN9_H14
0013600001oFB3K,SkbN9_H14
0013600001otoZW,SkbN9_H14
0013600001otohu,SkbN9_H14
0013600001otolX,SkbN9_H14
0013600001oVtLZ,SkbN9_H14
0013600001pIkWn,SkbN9_H14
0013600001pIkLz,SkbN9_H14
0013600001pIkcq,SkbN9_H14
0013600001pIkXH,SkbN9_H14
0013600001otoUq,SkbN9_H14
0013600001pIkdy,SkbN9_H14
0013600001pIkQ1,SkbN9_H14
0013600001pIkVB,SkbN9_H14
0013600001otvTU,SkbN9_H14
0013600001otoy9,SkbN9_H14
0013600001ovFXK,SkbN9_H14
0013600001pIlGl,SkbN9_H14
0013600001otnVv,SkbN9_H14
0013600001otmVx,SkbN9_H14
0013600001pIkO0,SkbN9_H14
0011R00001zBIMV,SkbN9_H14
0013600001xrUUU,SkbN9_H14
0013600001qX5Lj,SkbN9_H14
0013600001pxkja,SkbN9_H14
0013600001qX5LU,SkbN9_H14
0013600001qvjkH,SkbN9_H14
0013600001qXo8F,SkbN9_H14
0013600001rgLTF,SkbN9_H14
0013600001qX5JT,SkbN9_H14
0013600001pxlsa,SkbN9_H14
0013600001qWDmh,SkbN9_H14
0013600001qWAc1,SkbN9_H14
0013600001qWAxn,SkbN9_H14
0013600001rgJd6,SkbN9_H14
0013600001qXtcS,SkbN9_H14
0013600001qXwHW,SkbN9_H14
0013600001pxkbU,SkbN9_H14
0013600001pxlqZ,SkbN9_H14
0013600001rEoJO,SkbN9_H14
0013600001pyRQk,SkbN9_H14
0013600001pyTYb,SkbN9_H14
0013600001qWC8D,SkbN9_H14
0013600001qWDKE,SkbN9_H14
0013600001pxkW5,SkbN9_H14
0013600001qWwCx,SkbN9_H14
0013600001qXuhM,SkbN9_H14
0013600001pxkJQ,SkbN9_H14
0013600001qXkm6,SkbN9_H14
0013600001pxl0D,SkbN9_H14
0013600001qWAqI,SkbN9_H14
0013600001qwZtF,SkbN9_H14
0013600001qWB6L,SkbN9_H14
0013600001rrmTl,SJJY7CUkE
0013600001tmRxV,SJJY7CUkE
0013600001s7Ebz,SJJY7CUkE
0013600001rrmV3,SJJY7CUkE
0013600001s7200,SJJY7CUkE
0013600001tv5Zs,SJJY7CUkE
0013600001sq38w,SJJY7CUkE
0013600001s8bY6,SJJY7CUkE
0013600001ur4lN,SJJY7CUkE
0013600001s6rv4,SJJY7CUkE
0013600001uEUZh,SJJY7CUkE
0013600001rretG,SJJY7CUkE
0013600001tmZYp,SJJY7CUkE
0013600001ssJb4,SJJY7CUkE
0013600001seaEq,SJJY7CUkE
0013600001s5aYc,SJJY7CUkE
0013600001s8kzn,SJJY7CUkE
0013600001tJx0v,SJJY7CUkE
0013600001tmMeG,SJJY7CUkE
0013600001rra62,SJJY7CUkE
0013600001s8hUt,SJJY7CUkE
0013600001tmZII,SJJY7CUkE
0013600001usBxV,SJJY7CUkE
0013600001ubuOW,SJJY7CUkE
0013600001uEUU8,SJJY7CUkE
0013600001vEnhE,SJJY7CUkE
0013600001ur5du,SJJY7CUkE
0013600001vf85y,SJJY7CUkE
0013600001vEjp3,SJJY7CUkE
0013600001vEiOz,SJJY7CUkE
0013600001vfDWB,SJJY7CUkE
0013600001vEo1Y,SJJY7CUkE
0013600001ur2kY,SJJY7CUkE
0013600001us2EP,SJJY7CUkE
0013600001vidJK,SJJY7CUkE
0013600001w16Uk,SJJY7CUkE
0011R00001zDfxR,SJJY7CUkE
0013600001ttw6h,SJJY7CUkE
0013600001w0BWI,SJJY7CUkE
0011R000021pMMi,SJJY7CUkE
0011R000021ssDY,SJJY7CUkE
0011R000021srJe,SJJY7CUkE
0013600001w0adE,SJJY7CUkE
0011R00001xtBjz,SJJY7CUkE
0011R000022e5gB,SJJY7CUkE
0011R000022e5k2,SJJY7CUkE
0011R000022e7Sh,SJJY7CUkE
0011R000022e78u,SJJY7CUkE
0011R00002478ht,SJJY7CUkE
0011R000024kuyC,SJJY7CUkE
0013600001nEEaR,SJJY7CUkE
0011R000024n2ak,SJJY7CUkE
0013600001mtyjx,SJJY7CUkE
0013600001w3Rxu,SJJY7CUkE
0013600001xpM0S,SJJY7CUkE
0013600001ng6ay,SJJY7CUkE
0013600001ngfvl,SJJY7CUkE
0013600001ngf0P,SJJY7CUkE
0013600001nhCzY,SJJY7CUkE
0013600001kse7s,SJJY7CUkE
0013600001kse7t,SJJY7CUkE
0013600001kse81,SJJY7CUkE
0013600001kse82,SJJY7CUkE
0013600001kse83,SJJY7CUkE
0013600001kse85,SJJY7CUkE
0013600001kse89,SJJY7CUkE
0013600001kse8B,SJJY7CUkE
0013600001kse8H,SJJY7CUkE
0013600001kse8J,SJJY7CUkE
0013600001kse8T,SJJY7CUkE
0013600001kse8V,SJJY7CUkE
0013600001kse8h,SJJY7CUkE
0013600001kse8x,SJJY7CUkE
0013600001nhBQ6,SJJY7CUkE
0013600001msyMq,SJJY7CUkE
0013600001msyN8,SJJY7CUkE
0013600001msyNC,SJJY7CUkE
0013600001msyNU,SJJY7CUkE
0013600001msyNX,SJJY7CUkE
0013600001msyOa,SJJY7CUkE
0013600001msyP7,SJJY7CUkE
0013600001msyMR,SJJY7CUkE
0013600001msyMU,SJJY7CUkE
0013600001msyMb,SJJY7CUkE
0013600001oVw3d,SJJY7CUkE
0013600001pLzT0,SJJY7CUkE
0013600001pLF1R,SJJY7CUkE
0013600001oULkA,SJJY7CUkE
0013600001oFIkS,SJJY7CUkE
0013600001njTz8,SJJY7CUkE
0013600001oDfdB,SJJY7CUkE
0013600001oDh7X,SJJY7CUkE
0013600001njUT3,SJJY7CUkE
0013600001oVvtx,SJJY7CUkE
0013600001oEUfN,SJJY7CUkE
0013600001oVvif,SJJY7CUkE
0013600001oVwH2,SJJY7CUkE
0013600001oDc2C,SJJY7CUkE
0013600001oEcKP,SJJY7CUkE
0013600001ow5mH,SJJY7CUkE
0013600001njTfh,SJJY7CUkE
0013600001oVvp7,SJJY7CUkE
0013600001oUHR0,SJJY7CUkE
0013600001oES2m,SJJY7CUkE
0013600001oEQXS,SJJY7CUkE
0013600001oFIpw,SJJY7CUkE
0013600001pLDmw,SJJY7CUkE
0013600001oWfEz,SJJY7CUkE
0013600001oDYiE,SJJY7CUkE
0013600001oWeHs,SJJY7CUkE
0013600001pLIVZ,SJJY7CUkE
0013600001ow6EV,SJJY7CUkE
0013600001pLGPe,SJJY7CUkE
0013600001pJf2C,SJJY7CUkE
0013600001oUHMF,SJJY7CUkE
0013600001pKLbn,SJJY7CUkE
0013600001pLGWa,SJJY7CUkE
0013600001pLzQp,SJJY7CUkE
0013600001pLEy3,SJJY7CUkE
0013600001ovLr5,SJJY7CUkE
0013600001oWeFm,SJJY7CUkE
0013600001ow61M,SJJY7CUkE
0013600001ow5wH,SJJY7CUkE
0013600001oWeLV,SJJY7CUkE
0013600001qxgyi,SJJY7CUkE
0013600001rEwPW,SJJY7CUkE
0013600001pxgC3,SJJY7CUkE
0013600001rG1KK,SJJY7CUkE
0013600001qwkFO,SJJY7CUkE
0013600001qX341,SJJY7CUkE
0013600001qX2JM,SJJY7CUkE
0013600001qvddx,SJJY7CUkE
0013600001rgIo2,SJJY7CUkE
0013600001qwmxD,SJJY7CUkE
0013600001rEpyn,SJJY7CUkE
0013600001rEnAa,SJJY7CUkE
0013600001rEt0P,SJJY7CUkE
0013600001rEpYl,SJJY7CUkE
0013600001qX5eR,SJJY7CUkE
0013600001rEpiL,SJJY7CUkE
0013600001s8hLr,H1aMl5TUPm
0013600001sgOZI,H1aMl5TUPm
0013600001sgODZ,H1aMl5TUPm
0013600001sgOdv,H1aMl5TUPm
0013600001vFefq,H1aMl5TUPm
0013600001w05o7,H1aMl5TUPm
0011R00001zF2dj,H1aMl5TUPm
0013600001w0F5J,H1aMl5TUPm
0013600001w0F8S,H1aMl5TUPm
0013600001w0F6q,H1aMl5TUPm
0011R000021pLVz,H1aMl5TUPm
0011R000021pqXJ,H1aMl5TUPm
0011R000022dJHa,H1aMl5TUPm
0011R000022dJJH,H1aMl5TUPm
0011R000022dJId,H1aMl5TUPm
0011R00001zBtoT,H1aMl5TUPm
0011R00001zCmXz,H1aMl5TUPm
0011R00001zCD3a,H1aMl5TUPm
0011R00001zCdyh,H1aMl5TUPm
0011R00001zDL4U,H1aMl5TUPm
0011R00001zDXvY,H1aMl5TUPm
0011R00001zCMvp,H1aMl5TUPm
0011R00001zDecA,H1aMl5TUPm
0011R00001zDebW,H1aMl5TUPm
0011R000024kuMh,H1aMl5TUPm
0011R000024kuLz,H1aMl5TUPm
0013600001w2S8U,H1aMl5TUPm
0011R00001zEqCI,H1aMl5TUPm
0013600001w2Q94,H1aMl5TUPm
0013600001w2S8A,H1aMl5TUPm
0013600001w2S5f,H1aMl5TUPm
0013600001w2S7M,H1aMl5TUPm
0013600001w2QUm,H1aMl5TUPm
0013600001kse8n,H1aMl5TUPm
0013600001msyOD,H1aMl5TUPm
0013600001msyOE,H1aMl5TUPm
0013600001msyOW,H1aMl5TUPm
0013600001msyOq,H1aMl5TUPm
0013600001msyOr,H1aMl5TUPm
0013600001msyOs,H1aMl5TUPm
0013600001msyOt,H1aMl5TUPm
0013600001msyOu,H1aMl5TUPm
0013600001msyP6,H1aMl5TUPm
0013600001msyP8,H1aMl5TUPm
0013600001w2S9m,H1aMl5TUPm
0011R00001zDeCv,H1aMl5TUPm
0011R00001zDXPc,H1aMl5TUPm
0011R00001zEW7j,H1aMl5TUPm
0011R00001zEWC0,H1aMl5TUPm
0013600001pKOtQ,H1aMl5TUPm
0013600001oFB5L,H1aMl5TUPm
0013600001pM5Ku,H1aMl5TUPm
0013600001qviNW,H1aMl5TUPm
0013600001qvkBc,H1aMl5TUPm
0013600001qvkE7,H1aMl5TUPm
0013600001qvdel,H1aMl5TUPm
0013600001qZnef,H1aMl5TUPm
0013600001qvk89,H1aMl5TUPm
0013600001qvk9b,H1aMl5TUPm
0013600001qXvqV,H1aMl5TUPm
0013600001soonQ,Hy86DuNJE
0013600001rrmQX,Hy86DuNJE
0013600001twuXw,Hy86DuNJE
0013600001ur9AU,Hy86DuNJE
0013600001urAR2,Hy86DuNJE
0013600001us7j1,Hy86DuNJE
0013600001uDQjD,Hy86DuNJE
0013600001utsFp,Hy86DuNJE
0013600001ut4G8,Hy86DuNJE
0013600001twufC,Hy86DuNJE
0013600001tmdO1,Hy86DuNJE
0013600001rrm8W,Hy86DuNJE
0013600001sonMe,Hy86DuNJE
0013600001utsCb,Hy86DuNJE
0013600001uu0cx,Hy86DuNJE
0013600001uts8i,Hy86DuNJE
0013600001urwIo,Hy86DuNJE
0013600001us7kE,Hy86DuNJE
0013600001us7di,Hy86DuNJE
0013600001vDsSm,Hy86DuNJE
0013600001uDQfV,Hy86DuNJE
0013600001vEjyw,Hy86DuNJE
0013600001urwL9,Hy86DuNJE
0013600001uqyXL,Hy86DuNJE
0013600001vEk1b,Hy86DuNJE
0013600001vEk2F,Hy86DuNJE
0013600001us7iI,Hy86DuNJE
0013600001vDsTk,Hy86DuNJE
0013600001us7bw,Hy86DuNJE
0013600001ut48A,Hy86DuNJE
0013600001vEdQk,Hy86DuNJE
0013600001vEjxt,Hy86DuNJE
0013600001ut3cu,Hy86DuNJE
0013600001vEk12,Hy86DuNJE
0013600001us7gl,Hy86DuNJE
0013600001vEjxZ,Hy86DuNJE
0013600001vEdN2,Hy86DuNJE
0013600001utrtd,Hy86DuNJE
0013600001urwMq,Hy86DuNJE
0013600001ur0Pi,Hy86DuNJE
0013600001twuH6,Hy86DuNJE
0013600001w148G,Hy86DuNJE
0013600001w13Yb,Hy86DuNJE
0013600001w14ku,Hy86DuNJE
0013600001w14jS,Hy86DuNJE
0013600001w13P6,Hy86DuNJE
0013600001w13ey,Hy86DuNJE
0013600001w145g,Hy86DuNJE
0011R000024mYca,Hy86DuNJE
0011R000024mYkG,Hy86DuNJE
0011R000024mYe9,Hy86DuNJE
0011R000024mYhd,Hy86DuNJE
0011R000024mYfC,Hy86DuNJE
0011R000024mYjG,Hy86DuNJE
0013600001w2MkJ,Hy86DuNJE
0013600001w2wum,Hy86DuNJE
0013600001ng45A,Hy86DuNJE
0013600001nhmRP,Hy86DuNJE
0013600001nfxJI,Hy86DuNJE
0013600001nhmdG,Hy86DuNJE
0013600001nhmip,Hy86DuNJE
0013600001ng43E,Hy86DuNJE
0013600001nhmJu,Hy86DuNJE
0013600001ng48O,Hy86DuNJE
0013600001nhmUT,Hy86DuNJE
0013600001nhmlF,Hy86DuNJE
0013600001nhn7a,Hy86DuNJE
0013600001ng471,Hy86DuNJE
0013600001nhmNm,Hy86DuNJE
0013600001nhmTL,Hy86DuNJE
0013600001nhpcW,Hy86DuNJE
0013600001nfxbb,Hy86DuNJE
0013600001nfvyd,Hy86DuNJE
0013600001nfxOr,Hy86DuNJE
0013600001nhmXN,Hy86DuNJE
0013600001nhmVq,Hy86DuNJE
0013600001ng48i,Hy86DuNJE
0013600001nfyVv,Hy86DuNJE
0013600001nhmes,Hy86DuNJE
0013600001nhqNN,Hy86DuNJE
0013600001nfxWH,Hy86DuNJE
0013600001kse7Z,Hy86DuNJE
0013600001kse7a,Hy86DuNJE
0013600001kse7b,Hy86DuNJE
0013600001kse7c,Hy86DuNJE
0013600001kse7d,Hy86DuNJE
0013600001kse7e,Hy86DuNJE
0013600001kse7f,Hy86DuNJE
0013600001kse7g,Hy86DuNJE
0013600001kse7h,Hy86DuNJE
0013600001kse7i,Hy86DuNJE
0013600001kse8A,Hy86DuNJE
0013600001kse8O,Hy86DuNJE
0013600001kse8c,Hy86DuNJE
0013600001ng2tN,Hy86DuNJE
0013600001nhHbz,Hy86DuNJE
0013600001nhmQ7,Hy86DuNJE
0013600001nhmgP,Hy86DuNJE
0013600001nhmkH,Hy86DuNJE
0013600001msyNF,Hy86DuNJE
0013600001msyNG,Hy86DuNJE
0013600001msyNH,Hy86DuNJE
0013600001msyNJ,Hy86DuNJE
0013600001ng44b,Hy86DuNJE
0013600001msyNK,Hy86DuNJE
0013600001msyNL,Hy86DuNJE
0013600001msyNM,Hy86DuNJE
0013600001msyNN,Hy86DuNJE
0013600001msyNO,Hy86DuNJE
0013600001msyNP,Hy86DuNJE
0013600001msyNQ,Hy86DuNJE
0013600001msyNR,Hy86DuNJE
0013600001msyNS,Hy86DuNJE
0013600001msyNV,Hy86DuNJE
0013600001msyNa,Hy86DuNJE
0013600001msyNb,Hy86DuNJE
0013600001msyNc,Hy86DuNJE
0013600001msyNe,Hy86DuNJE
0013600001nfxCl,Hy86DuNJE
0013600001nfxF6,Hy86DuNJE
0013600001msyNf,Hy86DuNJE
0013600001msyNg,Hy86DuNJE
0013600001msyNh,Hy86DuNJE
0013600001msyNi,Hy86DuNJE
0013600001msyNj,Hy86DuNJE
0013600001msyNk,Hy86DuNJE
0013600001msyNl,Hy86DuNJE
0013600001msyNm,Hy86DuNJE
0013600001msyNu,Hy86DuNJE
0013600001msyNx,Hy86DuNJE
0013600001nhEHd,Hy86DuNJE
0013600001msyMG,Hy86DuNJE
0013600001msyMH,Hy86DuNJE
0013600001msyMI,Hy86DuNJE
0013600001ng4AK,Hy86DuNJE
0013600001xq79O,Hy86DuNJE
0013600001ovFZk,Hy86DuNJE
0013600001njSav,Hy86DuNJE
0013600001pvNo3,Hy86DuNJE
0013600001otoZR,Hy86DuNJE
0013600001ots3O,Hy86DuNJE
0013600001njSfv,Hy86DuNJE
0013600001njSsG,Hy86DuNJE
0013600001njSvP,Hy86DuNJE
0013600001oES6U,Hy86DuNJE
0013600001ow19q,Hy86DuNJE
0013600001oEWJY,Hy86DuNJE
0013600001oEWBo,Hy86DuNJE
0013600001ovCGj,Hy86DuNJE
0013600001oEXnP,Hy86DuNJE
0013600001njTOH,Hy86DuNJE
0013600001njTQm,Hy86DuNJE
0013600001ow0zM,Hy86DuNJE
0013600001ovE3X,Hy86DuNJE
0013600001pvNpa,Hy86DuNJE
0013600001pvMya,Hy86DuNJE
0013600001pJf5e,Hy86DuNJE
0013600001ovFlW,Hy86DuNJE
0013600001ottfQ,Hy86DuNJE
0013600001ovDOP,Hy86DuNJE
0013600001pM3iu,Hy86DuNJE
0013600001ovFPG,Hy86DuNJE
0013600001pvNlO,Hy86DuNJE
0013600001otomz,Hy86DuNJE
0013600001pvcPJ,Hy86DuNJE
0013600001pIjPX,Hy86DuNJE
0013600001ovDde,Hy86DuNJE
0013600001ots7a,Hy86DuNJE
0013600001ovDWT,Hy86DuNJE
0013600001pIjgx,Hy86DuNJE
0013600001pvNrM,Hy86DuNJE
0013600001xql09,Hy86DuNJE
0013600001qyeHh,Hy86DuNJE
0013600001pxczu,Hy86DuNJE
0013600001rG5PI,Hy86DuNJE
0013600001qvjRj,Hy86DuNJE
0013600001pxdN3,Hy86DuNJE
0013600001rG5JU,Hy86DuNJE
0013600001ubtrw,r1g-vPH1E
0013600001urCKu,r1g-vPH1E
0013600001urBry,r1g-vPH1E
0013600001tL7Gh,r1g-vPH1E
0013600001urwok,r1g-vPH1E
0013600001tmOt2,r1g-vPH1E
0013600001ur90Y,r1g-vPH1E
0013600001tLyBX,r1g-vPH1E
0013600001tMEXL,r1g-vPH1E
0013600001tmKTQ,r1g-vPH1E
0013600001tw6sk,r1g-vPH1E
0013600001s8Uo1,r1g-vPH1E
0013600001urztw,r1g-vPH1E
0013600001urxSe,r1g-vPH1E
0013600001urxrk,r1g-vPH1E
0013600001uc1Cd,r1g-vPH1E
0013600001ur7Ye,r1g-vPH1E
0013600001vDuyp,r1g-vPH1E
0013600001vDv1Z,r1g-vPH1E
0013600001vBeyY,r1g-vPH1E
0011R00001zF2Jq,r1g-vPH1E
0011R00001zEt3s,r1g-vPH1E
0011R000021pMJU,r1g-vPH1E
0011R000021poXs,r1g-vPH1E
0011R000021poVv,r1g-vPH1E
0011R000021sbKW,r1g-vPH1E
0011R000022dKvF,r1g-vPH1E
0011R000021r8mj,r1g-vPH1E
0011R00001zBKAz,r1g-vPH1E
0011R00001zC4bC,r1g-vPH1E
0011R000022duFR,r1g-vPH1E
0011R000021rAYK,r1g-vPH1E
0013600001xr1Um,r1g-vPH1E
0011R00001zBimE,r1g-vPH1E
0011R00001zC4Q6,r1g-vPH1E
0011R00001zC4IW,r1g-vPH1E
0011R00001zCmXu,r1g-vPH1E
0011R00001zC548,r1g-vPH1E
0011R00001zEdtt,r1g-vPH1E
0011R00001zEf5T,r1g-vPH1E
0011R00001zC4DZ,r1g-vPH1E
0011R00001zDJKw,r1g-vPH1E
0011R00001zCuY0,r1g-vPH1E
0011R00001zDMfy,r1g-vPH1E
0011R00001zCcAV,r1g-vPH1E
0011R00001zCca2,r1g-vPH1E
0011R00001zCtLY,r1g-vPH1E
0011R00001zCEaV,r1g-vPH1E
0011R00001zDWpA,r1g-vPH1E
0011R00001zCTOF,r1g-vPH1E
0011R00001zCMjs,r1g-vPH1E
0011R00001zCuRE,r1g-vPH1E
0011R000024jwIM,r1g-vPH1E
0013600001xr4b7,r1g-vPH1E
0011R000024mnea,r1g-vPH1E
0011R000024mpN2,r1g-vPH1E
0011R000024n0oa,r1g-vPH1E
0011R000024n0l6,r1g-vPH1E
0011R000024n1tV,r1g-vPH1E
0011R000024n0oG,r1g-vPH1E
0011R000024n1t2,r1g-vPH1E
0011R000024n0sm,r1g-vPH1E
0011R000024n1ro,r1g-vPH1E
0011R000024n0tc,r1g-vPH1E
0011R000024n0v4,r1g-vPH1E
0011R000024n1sX,r1g-vPH1E
0011R000025h8A6,r1g-vPH1E
0011R000025h8Hx,r1g-vPH1E
0011R000025iCr7,r1g-vPH1E
0013600001xrY0O,r1g-vPH1E
0013600001nhjxq,r1g-vPH1E
0013600001kse8M,r1g-vPH1E
0013600001kse8f,r1g-vPH1E
0013600001msyMn,r1g-vPH1E
0013600001msyN3,r1g-vPH1E
0013600001msyN6,r1g-vPH1E
0013600001msyN7,r1g-vPH1E
0013600001msyN9,r1g-vPH1E
0013600001msyNA,r1g-vPH1E
0013600001msyNZ,r1g-vPH1E
0013600001msyOw,r1g-vPH1E
0013600001msyPA,r1g-vPH1E
0013600001msyPB,r1g-vPH1E
0013600001msyPL,r1g-vPH1E
0013600001msyPM,r1g-vPH1E
0013600001xrpZX,r1g-vPH1E
0011R00001xt2mx,r1g-vPH1E
0011R00001zDJjQ,r1g-vPH1E
0011R00001zDeGE,r1g-vPH1E
0011R00001zEdc1,r1g-vPH1E
0013600001otwWj,r1g-vPH1E
0013600001pvZZk,r1g-vPH1E
0011R00001zEts8,r1g-vPH1E
0013600001pxKeb,r1g-vPH1E
0011R00001zCMId,r1g-vPH1E
0011R00001xt4nu,r1g-vPH1E
0013600001xrv3h,r1g-vPH1E
0011R00001xtKOc,r1g-vPH1E
0013600001qZgwa,r1g-vPH1E
0013600001qXozY,r1g-vPH1E
0013600001qXp8k,r1g-vPH1E
0013600001qZmbF,r1g-vPH1E
0013600001xsHtj,r1g-vPH1E
0013600001tnPWQ,Hkw0KJP1N
0013600001vEk09,Hkw0KJP1N
0013600001ur53N,Hkw0KJP1N
0013600001viYYO,Hkw0KJP1N
0013600001viYOJ,Hkw0KJP1N
0013600001viYRm,Hkw0KJP1N
0013600001viYQt,Hkw0KJP1N
0013600001viYXL,Hkw0KJP1N
0011R000021r8jD,Hkw0KJP1N
0013600001w0HyK,Hkw0KJP1N
0011R00001zEpkZ,Hkw0KJP1N
0011R00001zEprH,Hkw0KJP1N
0011R00001zEpvO,Hkw0KJP1N
0011R0000246f0V,Hkw0KJP1N
0011R00001xtBhj,Hkw0KJP1N
0011R00001xtBgH,Hkw0KJP1N
0011R00001zBqH6,Hkw0KJP1N
0011R00001zBqHz,Hkw0KJP1N
0011R00001zBqHV,Hkw0KJP1N
0011R0000246esC,Hkw0KJP1N
0011R0000246f27,Hkw0KJP1N
0011R00001zCTvq,Hkw0KJP1N
0011R00001zCNF5,Hkw0KJP1N
0011R000024k5fb,Hkw0KJP1N
0011R000024k5gj,Hkw0KJP1N
0011R000024lMKO,Hkw0KJP1N
0011R000024lM9B,Hkw0KJP1N
0011R000024lMNR,Hkw0KJP1N
0011R000024lMPY,Hkw0KJP1N
0013600001w2aWb,Hkw0KJP1N
0011R000024mZ7v,Hkw0KJP1N
0011R000024mqGu,Hkw0KJP1N
0011R000024mcHF,Hkw0KJP1N
0011R000024mnoi,Hkw0KJP1N
0011R000024mpHv,Hkw0KJP1N
0011R000024mZqF,Hkw0KJP1N
0011R000024mLWS,Hkw0KJP1N
0011R000024mZJe,Hkw0KJP1N
0011R000024mZPu,Hkw0KJP1N
0011R000024mZHs,Hkw0KJP1N
0011R000024mZNU,Hkw0KJP1N
0011R000024mcBv,Hkw0KJP1N
0011R000024mc5Y,Hkw0KJP1N
0011R000024mcG1,Hkw0KJP1N
0011R000024mZKh,Hkw0KJP1N
0011R000024maZK,Hkw0KJP1N
0011R000024mmMn,Hkw0KJP1N
0011R000024mZWY,Hkw0KJP1N
0011R000024mpZ8,Hkw0KJP1N
0011R000024mpaZ,Hkw0KJP1N
0011R000024maWh,Hkw0KJP1N
0011R000024mZYF,Hkw0KJP1N
0011R000024mmBY,Hkw0KJP1N
0011R000024mmO3,Hkw0KJP1N
0011R000024mnmi,Hkw0KJP1N
0011R000024mmAV,Hkw0KJP1N
0011R000024mnRv,Hkw0KJP1N
0011R000024mnUY,Hkw0KJP1N
0011R000024mnYc,Hkw0KJP1N
0011R000024mpHg,Hkw0KJP1N
0011R000024maZl,Hkw0KJP1N
0011R000024mZUy,Hkw0KJP1N
0011R000024mqFD,Hkw0KJP1N
0011R000024mnna,Hkw0KJP1N
0011R000024mcJg,Hkw0KJP1N
0011R000024mcEU,Hkw0KJP1N
0011R000024mpHM,Hkw0KJP1N
0011R000024mZuI,Hkw0KJP1N
0011R000024mZMg,Hkw0KJP1N
0011R000024mZUA,Hkw0KJP1N
0011R000024mm9w,Hkw0KJP1N
0011R000024mpH2,Hkw0KJP1N
0011R000024n1QT,Hkw0KJP1N
0011R000024n1Pe,Hkw0KJP1N
0011R000024n0dv,Hkw0KJP1N
0011R000024n1HE,Hkw0KJP1N
0011R000024n0bk,Hkw0KJP1N
0011R000024n1IR,Hkw0KJP1N
0011R000024n28w,Hkw0KJP1N
0011R000024n26x,Hkw0KJP1N
0011R000024n0Xj,Hkw0KJP1N
0011R000024n0aG,Hkw0KJP1N
0011R000025hlJd,Hkw0KJP1N
0011R000025hp5w,Hkw0KJP1N
0011R000025iClQ,Hkw0KJP1N
0013600001w2aR7,Hkw0KJP1N
0013600001w2afI,Hkw0KJP1N
0013600001w2aTm,Hkw0KJP1N
0013600001w2eG3,Hkw0KJP1N
0013600001w2eCf,Hkw0KJP1N
0013600001w2e76,Hkw0KJP1N
0013600001w2ahk,Hkw0KJP1N
0013600001w2eJ6,Hkw0KJP1N
0011R00001zBqGh,Hkw0KJP1N
0013600001xsBV3,Hkw0KJP1N
0011R00001xtBlo,Hkw0KJP1N
0011R00001xtBcu,Hkw0KJP1N
0011R00001zDIqg,Hkw0KJP1N
0011R00001zEphp,Hkw0KJP1N
0013600001pvbcC,Hkw0KJP1N
0013600001pvMYr,Hkw0KJP1N
0013600001pLJ8I,Hkw0KJP1N
0011R00001xtBi3,Hkw0KJP1N
0011R00001xtBeb,Hkw0KJP1N
0011R00001xtBgl,Hkw0KJP1N
0013600001qwhgC,Hkw0KJP1N
0011R00001xtBdT,Hkw0KJP1N
0013600001usBbV,ByAg8_S1N
0013600001urvzX,ByAg8_S1N
0013600001usC6w,ByAg8_S1N
0013600001ur5np,ByAg8_S1N
0013600001us5tb,ByAg8_S1N
0013600001ur5NI,ByAg8_S1N
0013600001vEdec,ByAg8_S1N
0013600001ur5Vv,ByAg8_S1N
0013600001vDt4i,ByAg8_S1N
0013600001urvlp,ByAg8_S1N
0013600001urBnX,ByAg8_S1N
0013600001urBvf,ByAg8_S1N
0013600001vEd9n,ByAg8_S1N
0013600001ur7Ll,ByAg8_S1N
0013600001xqypT,ByAg8_S1N
0013600001w0DOV,ByAg8_S1N
0013600001w0cSD,ByAg8_S1N
0013600001w0r7S,ByAg8_S1N
0011R00001zC44h,ByAg8_S1N
0011R00001zC45G,ByAg8_S1N
0011R00001xtO3M,ByAg8_S1N
0011R00001zC405,ByAg8_S1N
0011R00001xtOD8,ByAg8_S1N
0013600001w0Ejv,ByAg8_S1N
0013600001w0rBU,ByAg8_S1N
0011R00001zBQrO,ByAg8_S1N
0011R00001zBQpw,ByAg8_S1N
0013600001w0rKl,ByAg8_S1N
0013600001w0w8C,ByAg8_S1N
0013600001w0r4Y,ByAg8_S1N
0013600001w0t3y,ByAg8_S1N
0013600001w0wCy,ByAg8_S1N
0011R00001zBQo7,ByAg8_S1N
0011R00001zBQqk,ByAg8_S1N
0011R000021scSk,ByAg8_S1N
0011R000021scT9,ByAg8_S1N
0011R000021scMc,ByAg8_S1N
0011R000021scPc,ByAg8_S1N
0013600001w0wHo,ByAg8_S1N
0013600001w0wNw,ByAg8_S1N
0011R00001zBQqV,ByAg8_S1N
0011R00001zBQqp,ByAg8_S1N
0011R00001xtO8l,ByAg8_S1N
0011R00001xtOIt,ByAg8_S1N
0011R00001xtO7s,ByAg8_S1N
0011R00001xtOAE,ByAg8_S1N
0011R00001zC418,ByAg8_S1N
0011R00001zC42g,ByAg8_S1N
0011R00001xtO79,ByAg8_S1N
0011R00001xtOIA,ByAg8_S1N
0011R00001zC42C,ByAg8_S1N
0011R00001zBhZe,ByAg8_S1N
0013600001xqynN,ByAg8_S1N
0011R00001zBQpX,ByAg8_S1N
0011R00001zBQoo,ByAg8_S1N
0011R00001zBQpI,ByAg8_S1N
0013600001xqy7D,ByAg8_S1N
0013600001xqyqC,ByAg8_S1N
0011R00001xtOKG,ByAg8_S1N
0011R00001xt5Mh,ByAg8_S1N
0011R00001zC456,ByAg8_S1N
0011R00001zC40j,ByAg8_S1N
0011R00001zC44S,ByAg8_S1N
0011R00001zC45u,ByAg8_S1N
0011R00001zC435,ByAg8_S1N
0011R00001zC44I,ByAg8_S1N
0011R00001zC43o,ByAg8_S1N
0011R00001zEfbS,ByAg8_S1N
0011R00001zC45a,ByAg8_S1N
0011R00001zEfeR,ByAg8_S1N
0011R00001zEfZR,ByAg8_S1N
0011R00001zEfOh,ByAg8_S1N
0011R00001zEfd9,ByAg8_S1N
0011R00001zEfca,ByAg8_S1N
0011R00001zEfe2,ByAg8_S1N
0011R00001zEfPQ,ByAg8_S1N
0013600001w33ws,ByAg8_S1N
0013600001w3414,ByAg8_S1N
0013600001xqyMt,ByAg8_S1N
0013600001xqySO,ByAg8_S1N
0013600001xqyeo,ByAg8_S1N
0013600001xqyuE,ByAg8_S1N
0013600001xqyci,ByAg8_S1N
0013600001xqy1Z,ByAg8_S1N
0013600001xqysI,ByAg8_S1N
0013600001xqyJG,ByAg8_S1N
0013600001xqyVm,ByAg8_S1N
0013600001xqyZo,ByAg8_S1N
0013600001xqylb,ByAg8_S1N
0013600001xqyj6,ByAg8_S1N
0013600001w2dvG,ByAg8_S1N
0013600001w2PV2,ByAg8_S1N
0013600001w2e3j,ByAg8_S1N
0013600001w33c1,ByAg8_S1N
0013600001w337R,ByAg8_S1N
0013600001w33Xa,ByAg8_S1N
0013600001w343P,ByAg8_S1N
0013600001w33W3,ByAg8_S1N
0013600001w2e0Q,ByAg8_S1N
0013600001w31I4,ByAg8_S1N
0013600001w32wJ,ByAg8_S1N
0013600001w33BA,ByAg8_S1N
0013600001xq5Y5,ByAg8_S1N
0013600001xpoB0,ByAg8_S1N
0013600001xpo6y,ByAg8_S1N
0013600001xpoE0,ByAg8_S1N
0013600001w2dxH,ByAg8_S1N
0013600001w2PP6,ByAg8_S1N
0013600001w33MI,ByAg8_S1N
0013600001w33fu,ByAg8_S1N
0013600001xq5x1,ByAg8_S1N
0013600001w33ZM,ByAg8_S1N
0013600001w345Q,ByAg8_S1N
0013600001xpoHE,ByAg8_S1N
0013600001w33uD,ByAg8_S1N
0013600001w33zD,ByAg8_S1N
0013600001xpoGL,ByAg8_S1N
0013600001xqer3,ByAg8_S1N
0013600001xqfJ7,ByAg8_S1N
0013600001xqfzH,ByAg8_S1N
0013600001xqfQm,ByAg8_S1N
0013600001xqI8e,ByAg8_S1N
0013600001xqjCk,ByAg8_S1N
0013600001xqnTj,ByAg8_S1N
0013600001xqjUu,ByAg8_S1N
0013600001xqkgJ,ByAg8_S1N
0013600001xqnN7,ByAg8_S1N
0013600001xqfsF,ByAg8_S1N
0013600001xrWMw,ByAg8_S1N
0013600001xqeiT,ByAg8_S1N
0013600001xqjFA,ByAg8_S1N
0013600001xq4Jw,ByAg8_S1N
0013600001xqjRq,ByAg8_S1N
0013600001xqnQB,ByAg8_S1N
0013600001xqjbW,ByAg8_S1N
0013600001xq4Vs,ByAg8_S1N
0013600001xq5lY,ByAg8_S1N
0013600001xqkq4,ByAg8_S1N
0013600001xqfaJ,ByAg8_S1N
0013600001xqfgX,ByAg8_S1N
0013600001xqjq3,ByAg8_S1N
0013600001xqkb9,ByAg8_S1N
0013600001xqmrK,ByAg8_S1N
0013600001xqn2c,ByAg8_S1N
0013600001xqipf,ByAg8_S1N
0013600001xqnZq,ByAg8_S1N
0013600001xq5PN,ByAg8_S1N
0013600001xqnBU,ByAg8_S1N
0013600001xqjxi,ByAg8_S1N
0013600001xqjMW,ByAg8_S1N
0013600001xqkde,ByAg8_S1N
0013600001xqj3i,ByAg8_S1N
0013600001xqmz9,ByAg8_S1N
0013600001xqmvM,ByAg8_S1N
0013600001xqiuB,ByAg8_S1N
0013600001xqkNR,ByAg8_S1N
0013600001xqkiF,ByAg8_S1N
0013600001xqkmW,ByAg8_S1N
0013600001xrn5J,ByAg8_S1N
0013600001xqj0d,ByAg8_S1N
0013600001xqk1k,ByAg8_S1N
0011R00001zC413,ByAg8_S1N
0011R00001xt4tJ,ByAg8_S1N
0011R00001xt5OO,ByAg8_S1N
0011R00001zEfXp,ByAg8_S1N
0011R00001zEfQ9,ByAg8_S1N
0011R00001zEfaj,ByAg8_S1N
0011R00001zEfR7,ByAg8_S1N
0011R00001zEfNc,ByAg8_S1N
0011R00001zEfbr,ByAg8_S1N
0013600001njUvb,ByAg8_S1N
0013600001njVCy,ByAg8_S1N
0013600001njVMe,ByAg8_S1N
0013600001njTYR,ByAg8_S1N
0013600001njVHy,ByAg8_S1N
0013600001njVHF,ByAg8_S1N
0013600001njV2w,ByAg8_S1N
0013600001njUoB,ByAg8_S1N
0013600001njV4s,ByAg8_S1N
0013600001njUrZ,ByAg8_S1N
0013600001njVGM,ByAg8_S1N
0013600001njV8p,ByAg8_S1N
0013600001njV86,ByAg8_S1N
0013600001njVAW,ByAg8_S1N
0013600001njV28,ByAg8_S1N
0013600001njUsw,ByAg8_S1N
0013600001njV0M,ByAg8_S1N
0013600001njV5g,ByAg8_S1N
0013600001njUxr,ByAg8_S1N
0013600001njV1P,ByAg8_S1N
0013600001njUk4,ByAg8_S1N
0013600001njVBe,ByAg8_S1N
0013600001xqfOC,ByAg8_S1N
0013600001xqfUZ,ByAg8_S1N
0013600001xrpNR,ByAg8_S1N
0011R00001xt5Qe,ByAg8_S1N
0013600001xqjlN,ByAg8_S1N
0013600001xqfDS,ByAg8_S1N
0013600001xqnS2,ByAg8_S1N
0013600001xqksj,ByAg8_S1N
0011R00001xt5TU,ByAg8_S1N
0011R00001xt5Tj,ByAg8_S1N
0013600001xqHex,ByAg8_S1N
0013600001xqk4y,ByAg8_S1N
0011R00001xtO0c,ByAg8_S1N
0011R00001xtOEp,ByAg8_S1N
0011R00001xt5Um,ByAg8_S1N
0013600001xqnFR,ByAg8_S1N
0013600001xqkXu,ByAg8_S1N
0011R00001xt5Uc,ByAg8_S1N
0011R00001xt5RD,ByAg8_S1N
0011R00001xt5N6,ByAg8_S1N
0011R00001xtOBR,ByAg8_S1N
0011R00001xtOLa,ByAg8_S1N
0011R00001xt5T0,ByAg8_S1N
0013600001pyUtN,ByAg8_S1N
0011R00001xt5Oi,ByAg8_S1N
0011R00001xt5Qt,ByAg8_S1N
0011R00001xt5Q0,ByAg8_S1N
0011R00001xt5R8,ByAg8_S1N
0011R00001xt5UN,ByAg8_S1N
0013600001s6zpj,Hy18hTSkN
0013600001sq9IK,Hy18hTSkN
0013600001tMDlV,Hy18hTSkN
0013600001rrh1h,Hy18hTSkN
0013600001srIDF,Hy18hTSkN
0013600001tmQdR,Hy18hTSkN
0013600001rrh50,Hy18hTSkN
0013600001sqAN1,Hy18hTSkN
0013600001sq7a5,Hy18hTSkN
0013600001tL8Uc,Hy18hTSkN
0013600001tvxzp,Hy18hTSkN
0013600001rrh4W,Hy18hTSkN
0013600001uDMI6,Hy18hTSkN
0013600001tMDjA,Hy18hTSkN
0013600001spyax,Hy18hTSkN
0013600001usBlT,Hy18hTSkN
0013600001sq9Ku,Hy18hTSkN
0013600001spy3F,Hy18hTSkN
0013600001ssPjD,Hy18hTSkN
0013600001sqAUV,Hy18hTSkN
0013600001srIFN,Hy18hTSkN
0013600001tmS18,Hy18hTSkN
0013600001uDMKM,Hy18hTSkN
0013600001vDspn,Hy18hTSkN
0013600001vgrt3,Hy18hTSkN
0013600001vgq1M,Hy18hTSkN
0013600001vf86D,Hy18hTSkN
0013600001vg5sS,Hy18hTSkN
0013600001viVhY,Hy18hTSkN
0013600001viWv4,Hy18hTSkN
0013600001vibeo,Hy18hTSkN
0013600001txlol,Hy18hTSkN
0011R00001zEppL,Hy18hTSkN
0011R00001zEpqO,Hy18hTSkN
0013600001w08j4,Hy18hTSkN
0013600001w08rU,Hy18hTSkN
0013600001w08zZ,Hy18hTSkN
0013600001w093l,Hy18hTSkN
0013600001w08fC,Hy18hTSkN
0013600001w0qtm,Hy18hTSkN
0013600001w0qSl,Hy18hTSkN
0011R000021srMV,Hy18hTSkN
0011R000021srO9,Hy18hTSkN
0013600001w0qc7,Hy18hTSkN
0011R000022e4ve,Hy18hTSkN
0013600001xsVSC,Hy18hTSkN
0013600001xsVTj,Hy18hTSkN
0011R00001zDJvE,Hy18hTSkN
0011R00001zDJyN,Hy18hTSkN
0011R00001zEeKa,Hy18hTSkN
0011R00001zEfgI,Hy18hTSkN
0011R00001zDJqf,Hy18hTSkN
0011R00001zEfeq,Hy18hTSkN
0011R000024lMyM,Hy18hTSkN
0013600001xroMT,Hy18hTSkN
0013600001xsTor,Hy18hTSkN
0013600001xsVJT,Hy18hTSkN
0011R000024lYBH,Hy18hTSkN
0011R000024mYRO,Hy18hTSkN
0011R000024mKmy,Hy18hTSkN
0011R000024mYQt,Hy18hTSkN
0011R000024mmOX,Hy18hTSkN
0011R000024mYP2,Hy18hTSkN
0011R000024mYOG,Hy18hTSkN
0011R000024mmNo,Hy18hTSkN
0011R000024mYMg,Hy18hTSkN
0011R000024mmMY,Hy18hTSkN
0013600001xsVPw,Hy18hTSkN
0013600001xr25T,Hy18hTSkN
0013600001xsVdt,Hy18hTSkN
0013600001xsVfQ,Hy18hTSkN
0013600001xsWVL,Hy18hTSkN
0013600001xs05E,Hy18hTSkN
0013600001xrnHT,Hy18hTSkN
0013600001xr7Rh,Hy18hTSkN
0013600001w2vkZ,Hy18hTSkN
0013600001w2yPb,Hy18hTSkN
0013600001w2xjf,Hy18hTSkN
0013600001w2vha,Hy18hTSkN
0013600001w30JQ,Hy18hTSkN
0013600001w3088,Hy18hTSkN
0013600001xpoHi,Hy18hTSkN
0013600001w3RtT,Hy18hTSkN
0013600001xpMDq,Hy18hTSkN
0013600001xpM7x,Hy18hTSkN
0013600001xpMA8,Hy18hTSkN
0013600001xpohg,Hy18hTSkN
0013600001xpMFw,Hy18hTSkN
0013600001xpoQB,Hy18hTSkN
0013600001xpxff,Hy18hTSkN
0013600001nDa84,Hy18hTSkN
0013600001msyMr,Hy18hTSkN
0013600001msyNn,Hy18hTSkN
0013600001msyOv,Hy18hTSkN
0013600001msyMY,Hy18hTSkN
0013600001w2vb2,Hy18hTSkN
0013600001w2yAV,Hy18hTSkN
0013600001xpoRd,Hy18hTSkN
0013600001xpM0I,Hy18hTSkN
0013600001xpLuK,Hy18hTSkN
0013600001xpn9F,Hy18hTSkN
0013600001xpoJU,Hy18hTSkN
0013600001xpnJU,Hy18hTSkN
0013600001xrzyT,Hy18hTSkN
0013600001xpoap,Hy18hTSkN
0013600001xpo6P,Hy18hTSkN
0013600001xpo86,Hy18hTSkN
0013600001xpxdK,Hy18hTSkN
0013600001xpxeS,Hy18hTSkN
0013600001xs0Wj,Hy18hTSkN
0013600001xsVE9,Hy18hTSkN
0013600001xsVBK,Hy18hTSkN
0013600001xsVFl,Hy18hTSkN
0011R00001xt2wW,Hy18hTSkN
0011R00001xt3an,Hy18hTSkN
0011R00001zDJzB,Hy18hTSkN
0011R00001zDJsv,Hy18hTSkN
0011R00001zDJri,Hy18hTSkN
0011R00001zDJtK,Hy18hTSkN
0011R00001zDJww,Hy18hTSkN
0011R00001zEfJ1,Hy18hTSkN
0011R00001zEfMA,Hy18hTSkN
0011R00001zEfN8,Hy18hTSkN
0011R00001zDJte,Hy18hTSkN
0011R00001zDJxF,Hy18hTSkN
0011R00001zEfLW,Hy18hTSkN
0013600001oYAWK,Hy18hTSkN
0013600001oYAM0,Hy18hTSkN
0013600001oWedF,Hy18hTSkN
0013600001oYBLc,Hy18hTSkN
0013600001oYBSx,Hy18hTSkN
0013600001oWea6,Hy18hTSkN
0013600001oYBUK,Hy18hTSkN
0013600001xpoNW,Hy18hTSkN
0013600001xpoeX,Hy18hTSkN
0011R00001zD3vD,Hy18hTSkN
0013600001xrznV,Hy18hTSkN
0013600001xrnMJ,Hy18hTSkN
0013600001xsVH8,Hy18hTSkN
0011R00001xt3cU,Hy18hTSkN
0013600001qWDQg,Hy18hTSkN
0013600001qydfs,Hy18hTSkN
0013600001qZfEO,Hy18hTSkN
0013600001qydWR,Hy18hTSkN
0013600001qydgb,Hy18hTSkN
0013600001rDf7v,Hy18hTSkN
0013600001qydiI,Hy18hTSkN
0013600001qyYmR,Hy18hTSkN
0013600001rFslP,Hy18hTSkN
0013600001qX0FA,Hy18hTSkN
0013600001qWDhm,Hy18hTSkN
0013600001qydcZ,Hy18hTSkN
0013600001qydek,Hy18hTSkN
0013600001rhZF9,Hy18hTSkN
0013600001qyYew,Hy18hTSkN
0013600001xsVZD,Hy18hTSkN
0011R00001xt3eg,Hy18hTSkN
0013600001uasuh,Sy8-kWvJV
0013600001uEVO8,Sy8-kWvJV
0013600001uDTqI,Sy8-kWvJV
0013600001vDum4,Sy8-kWvJV
0013600001ut3rt,Sy8-kWvJV
0013600001urCsO,Sy8-kWvJV
0013600001uanpR,Sy8-kWvJV
0013600001nEkjF,Sy8-kWvJV
0011R000024lkeO,Sy8-kWvJV
0013600001uadkl,Sy8-kWvJV
0013600001nEnJM,Sy8-kWvJV
0013600001nEmKq,Sy8-kWvJV
0013600001nEnCO,Sy8-kWvJV
0013600001nEkaX,Sy8-kWvJV
0013600001nEknb,Sy8-kWvJV
0013600001nEmOd,Sy8-kWvJV
0013600001kse7o,Sy8-kWvJV
0013600001kse87,Sy8-kWvJV
0013600001kse8t,Sy8-kWvJV
0013600001nEnP0,Sy8-kWvJV
0013600001nEmEO,Sy8-kWvJV
0013600001msyMj,Sy8-kWvJV
0013600001msyNt,Sy8-kWvJV
0013600001oWclC,Sy8-kWvJV
0013600001oWciD,Sy8-kWvJV
0013600001oWcnI,Sy8-kWvJV
0013600001pLD2F,Sy8-kWvJV
0013600001pLCyI,Sy8-kWvJV
0013600001oWcpY,Sy8-kWvJV
0013600001sqAYm,Sk4Y_nHk4
0013600001tmLH8,Sk4Y_nHk4
0013600001tME5A,Sk4Y_nHk4
0013600001txsOK,Sk4Y_nHk4
0013600001tmLKv,Sk4Y_nHk4
0013600001uEOEH,Sk4Y_nHk4
0013600001uEVWq,Sk4Y_nHk4
0013600001tMDqc,Sk4Y_nHk4
0013600001us7bS,Sk4Y_nHk4
0013600001uEUz0,Sk4Y_nHk4
0013600001tL8PW,Sk4Y_nHk4
0013600001tmLKl,Sk4Y_nHk4
0013600001uETLa,Sk4Y_nHk4
0013600001ubqO0,Sk4Y_nHk4
0013600001us7kd,Sk4Y_nHk4
0013600001vEV6p,Sk4Y_nHk4
0013600001vEeDq,Sk4Y_nHk4
0013600001w07ok,Sk4Y_nHk4
0013600001uEVTh,Sk4Y_nHk4
0011R00001zBikS,Sk4Y_nHk4
0013600001vid9j,Sk4Y_nHk4
0013600001w07u9,Sk4Y_nHk4
0013600001w0IDJ,Sk4Y_nHk4
0013600001w0DLl,Sk4Y_nHk4
0013600001w0Ya9,Sk4Y_nHk4
0013600001w0DP0,Sk4Y_nHk4
0013600001w14xa,Sk4Y_nHk4
0013600001w2dgT,Sk4Y_nHk4
0013600001w3I2j,Sk4Y_nHk4
0013600001w3Hp2,Sk4Y_nHk4
0013600001w3HtS,Sk4Y_nHk4
0013600001w3LrF,Sk4Y_nHk4
0013600001w2dEl,Sk4Y_nHk4
0013600001w3HAV,Sk4Y_nHk4
0013600001w3M31,Sk4Y_nHk4
0013600001w3cCM,Sk4Y_nHk4
0013600001xpJR7,Sk4Y_nHk4
0013600001xpJYT,Sk4Y_nHk4
0013600001xpJzt,Sk4Y_nHk4
0013600001w3L42,Sk4Y_nHk4
0013600001w3cIt,Sk4Y_nHk4
0013600001w3HPr,Sk4Y_nHk4
0013600001w3M78,Sk4Y_nHk4
0013600001xq7Oi,Sk4Y_nHk4
0013600001w3LpO,Sk4Y_nHk4
0013600001w3KoD,Sk4Y_nHk4
0013600001xpLUO,Sk4Y_nHk4
0013600001xpJmz,Sk4Y_nHk4
0013600001xpo15,Sk4Y_nHk4
0013600001kse84,Sk4Y_nHk4
0013600001msyMy,Sk4Y_nHk4
0013600001msyMz,Sk4Y_nHk4
0013600001msyN0,Sk4Y_nHk4
0013600001msyN1,Sk4Y_nHk4
0013600001msyN2,Sk4Y_nHk4
0013600001msyOH,Sk4Y_nHk4
0013600001msyML,Sk4Y_nHk4
0013600001msyMS,Sk4Y_nHk4
0013600001msyMW,Sk4Y_nHk4
0013600001w2RQV,Sk4Y_nHk4
0013600001w3Gyy,Sk4Y_nHk4
0013600001w3MB0,Sk4Y_nHk4
0013600001w3OFI,Sk4Y_nHk4
0013600001xpJgc,Sk4Y_nHk4
0013600001w3MK2,Sk4Y_nHk4
0013600001w3cHC,Sk4Y_nHk4
0013600001xpJO3,Sk4Y_nHk4
0013600001xpJru,Sk4Y_nHk4
0013600001xpK5S,Sk4Y_nHk4
0013600001xqeXs,Sk4Y_nHk4
0013600001xqewb,Sk4Y_nHk4
0013600001xpKtc,Sk4Y_nHk4
0013600001xqeNV,Sk4Y_nHk4
0013600001xpLzP,Sk4Y_nHk4
0013600001xplwQ,Sk4Y_nHk4
0013600001xqlAn,Sk4Y_nHk4
0013600001xqkjS,Sk4Y_nHk4
0013600001xqk9U,Sk4Y_nHk4
0013600001xqeJi,Sk4Y_nHk4
0013600001xqfTH,Sk4Y_nHk4
0013600001xqeGA,Sk4Y_nHk4
0013600001xpKbn,Sk4Y_nHk4
0013600001xqk1Q,Sk4Y_nHk4
0013600001xqfQh,Sk4Y_nHk4
0013600001xql5n,Sk4Y_nHk4
0013600001xq6tk,Sk4Y_nHk4
0013600001xq79E,Sk4Y_nHk4
0013600001pLAgg,Sk4Y_nHk4
0013600001pLB0b,Sk4Y_nHk4
0013600001njUBE,Sk4Y_nHk4
0013600001pKVPI,Sk4Y_nHk4
0013600001oEVyk,Sk4Y_nHk4
0013600001pLFOQ,Sk4Y_nHk4
0013600001oWd2X,Sk4Y_nHk4
0013600001oGuTW,Sk4Y_nHk4
0013600001oGu2a,Sk4Y_nHk4
0013600001oGuWV,Sk4Y_nHk4
0013600001oUHrD,Sk4Y_nHk4
0013600001oEVbH,Sk4Y_nHk4
0013600001oVtMm,Sk4Y_nHk4
0013600001pKVKS,Sk4Y_nHk4
0013600001pL6kp,Sk4Y_nHk4
0013600001oFB6J,Sk4Y_nHk4
0013600001pL7Jd,Sk4Y_nHk4
0013600001pL8ZY,Sk4Y_nHk4
0013600001pLAyG,Sk4Y_nHk4
0013600001pLBQy,Sk4Y_nHk4
0013600001oDc2q,Sk4Y_nHk4
0013600001pKV3o,Sk4Y_nHk4
0013600001pLF6W,Sk4Y_nHk4
0013600001oVtQ5,Sk4Y_nHk4
0013600001pLBLt,Sk4Y_nHk4
0013600001pLEzz,Sk4Y_nHk4
0013600001pKUyF,Sk4Y_nHk4
0013600001pKV5Q,Sk4Y_nHk4
0013600001pKVS2,Sk4Y_nHk4
0013600001oVtOE,Sk4Y_nHk4
0013600001pM60W,Sk4Y_nHk4
0013600001pL7vS,Sk4Y_nHk4
0013600001pL8PT,Sk4Y_nHk4
0013600001oWXlk,Sk4Y_nHk4
0013600001pKVOZ,Sk4Y_nHk4
0013600001pLBWw,Sk4Y_nHk4
0013600001pLAd8,Sk4Y_nHk4
0013600001pLAQx,Sk4Y_nHk4
0013600001pLG6k,Sk4Y_nHk4
0013600001pLEO2,Sk4Y_nHk4
0013600001pLB3G,Sk4Y_nHk4
0013600001pLEbn,Sk4Y_nHk4
0013600001pLF96,Sk4Y_nHk4
0013600001pLAY8,Sk4Y_nHk4
0013600001oGuH1,Sk4Y_nHk4
0013600001pLAWR,Sk4Y_nHk4
0013600001pLAjQ,Sk4Y_nHk4
0013600001pL9D4,Sk4Y_nHk4
0013600001pLGAm,Sk4Y_nHk4
0013600001pLBjg,Sk4Y_nHk4
0013600001pL8dz,Sk4Y_nHk4
0013600001oVtPM,Sk4Y_nHk4
0013600001pKUhE,Sk4Y_nHk4
0013600001pLIkf,Sk4Y_nHk4
0013600001pLF4G,Sk4Y_nHk4
0013600001pLBcu,Sk4Y_nHk4
0013600001pL9Jq,Sk4Y_nHk4
0013600001pKUmY,Sk4Y_nHk4
0013600001pLBUW,Sk4Y_nHk4
0013600001oWd1j,Sk4Y_nHk4
0013600001pLG29,Sk4Y_nHk4
0013600001pLBrG,Sk4Y_nHk4
0013600001pLBu0,Sk4Y_nHk4
0013600001xqeQ4,Sk4Y_nHk4
0013600001xqkqT,Sk4Y_nHk4
0013600001xqkEU,Sk4Y_nHk4
0013600001xqeqZ,Sk4Y_nHk4
0013600001xqfYw,Sk4Y_nHk4
0013600001xqegr,Sk4Y_nHk4
0013600001xqlUm,Sk4Y_nHk4
0013600001xqkiU,Sk4Y_nHk4
0013600001xqJOk,Sk4Y_nHk4
0013600001xrzuC,Sk4Y_nHk4
0013600001rEwrB,Sk4Y_nHk4
0013600001rEwsT,Sk4Y_nHk4
0013600001qXl2i,Sk4Y_nHk4
0013600001qwnKx,Sk4Y_nHk4
0013600001qX5NQ,Sk4Y_nHk4
0013600001rEwuj,Sk4Y_nHk4
0013600001qX3Rp,Sk4Y_nHk4
0013600001qvf1H,Sk4Y_nHk4
0013600001pxS4P,Sk4Y_nHk4
0013600001qXkVQ,Sk4Y_nHk4
0013600001qXkaZ,Sk4Y_nHk4
0013600001rFsI8,Sk4Y_nHk4
0013600001rEwtH,Sk4Y_nHk4
0013600001rEwqN,Sk4Y_nHk4
0011R00001xt4cu,Sk4Y_nHk4
0013600001twzPe,B1fkWL6yV
0013600001tmKFG,B1fkWL6yV
0013600001tx2RC,B1fkWL6yV
0013600001tmK3e,B1fkWL6yV
0013600001uDTaG,B1fkWL6yV
0013600001tmJ8d,B1fkWL6yV
0013600001tmKqs,B1fkWL6yV
0013600001twzH6,B1fkWL6yV
0013600001tnQfz,B1fkWL6yV
0013600001twyqq,B1fkWL6yV
0013600001tmKMw,B1fkWL6yV
0013600001uEPW5,B1fkWL6yV
0013600001twyaD,B1fkWL6yV
0013600001tmJO7,B1fkWL6yV
0013600001tx1hJ,B1fkWL6yV
0013600001tmJDd,B1fkWL6yV
0013600001twyTv,B1fkWL6yV
0013600001tx0AR,B1fkWL6yV
0013600001twzXi,B1fkWL6yV
0013600001tv1TL,B1fkWL6yV
0013600001uDTbd,B1fkWL6yV
0013600001tvCRA,B1fkWL6yV
0013600001uEP12,B1fkWL6yV
0013600001uDRqM,B1fkWL6yV
0013600001tv1Im,B1fkWL6yV
0013600001tvCVM,B1fkWL6yV
0013600001twynS,B1fkWL6yV
0013600001tx08G,B1fkWL6yV
0013600001tmZhs,B1fkWL6yV
0013600001tx0Bg,B1fkWL6yV
0013600001tx2A1,B1fkWL6yV
0013600001tmKkX,B1fkWL6yV
0013600001tx2mP,B1fkWL6yV
0013600001twzaO,B1fkWL6yV
0013600001twyLh,B1fkWL6yV
0013600001tvDSJ,B1fkWL6yV
0013600001twzS9,B1fkWL6yV
0013600001uDTVp,B1fkWL6yV
0013600001uEPTf,B1fkWL6yV
0013600001tmKmx,B1fkWL6yV
0013600001tv8To,B1fkWL6yV
0013600001tx09O,B1fkWL6yV
0013600001uDRrU,B1fkWL6yV
0013600001tmKKu,B1fkWL6yV
0013600001twzNi,B1fkWL6yV
0013600001tx2yQ,B1fkWL6yV
0013600001uDRsS,B1fkWL6yV
0013600001uEPBv,B1fkWL6yV
0013600001twyiq,B1fkWL6yV
0013600001tx078,B1fkWL6yV
0013600001tx2uE,B1fkWL6yV
0013600001tmJK0,B1fkWL6yV
0013600001tmKWG,B1fkWL6yV
0013600001tvCPs,B1fkWL6yV
0013600001tvDRL,B1fkWL6yV
0013600001twz02,B1fkWL6yV
0013600001twzQX,B1fkWL6yV
0013600001tmKZA,B1fkWL6yV
0013600001tvCND,B1fkWL6yV
0013600001tmKRF,B1fkWL6yV
0013600001tx1sW,B1fkWL6yV
0013600001tx2qW,B1fkWL6yV
0013600001tmL4b,B1fkWL6yV
0013600001tmQet,B1fkWL6yV
0013600001tmKfX,B1fkWL6yV
0013600001tmY1q,B1fkWL6yV
0013600001tmKuH,B1fkWL6yV
0013600001uEPfW,B1fkWL6yV
0013600001tx2bv,B1fkWL6yV
0013600001tmL0A,B1fkWL6yV
0013600001us4QU,B1fkWL6yV
0013600001uEPik,B1fkWL6yV
0013600001uEQY7,B1fkWL6yV
0013600001uEQmQ,B1fkWL6yV
0013600001uEPAJ,B1fkWL6yV
0013600001uEPal,B1fkWL6yV
0013600001uEOxO,B1fkWL6yV
0013600001vDsEm,B1fkWL6yV
0013600001uttYA,B1fkWL6yV
0013600001vDsHq,B1fkWL6yV
0013600001vDsLO,B1fkWL6yV
0013600001us4Pl,B1fkWL6yV
0013600001urznW,B1fkWL6yV
0013600001vDsJr,B1fkWL6yV
0013600001vDs8e,B1fkWL6yV
0013600001vgCAJ,B1fkWL6yV
0013600001vDsCC,B1fkWL6yV
0013600001us003,B1fkWL6yV
0013600001vihST,B1fkWL6yV
0013600001vihU0,B1fkWL6yV
0013600001vibvf,B1fkWL6yV
0013600001vibx7,B1fkWL6yV
0013600001w0bSR,B1fkWL6yV
0013600001w0bYP,B1fkWL6yV
0011R00001zErnU,B1fkWL6yV
0011R00001zErno,B1fkWL6yV
0011R00001zEror,B1fkWL6yV
0011R00001zEqW3,B1fkWL6yV
0013600001uDTU3,B1fkWL6yV
0013600001twyfN,B1fkWL6yV
0013600001uEQhi,B1fkWL6yV
0011R00001zErWb,B1fkWL6yV
0013600001tu2aq,B1fkWL6yV
0013600001vihVh,B1fkWL6yV
0013600001w0bMx,B1fkWL6yV
0013600001w0cPd,B1fkWL6yV
0013600001w0bIy,B1fkWL6yV
0013600001w0qWs,B1fkWL6yV
0013600001w15H4,B1fkWL6yV
0013600001w0bVQ,B1fkWL6yV
0011R000022dthM,B1fkWL6yV
0011R000022dtiI,B1fkWL6yV
0011R000022dtdt,B1fkWL6yV
0011R000022dtcE,B1fkWL6yV
0011R000022dtdP,B1fkWL6yV
0011R000022dtef,B1fkWL6yV
0011R000022dtbc,B1fkWL6yV
0011R0000244vWg,B1fkWL6yV
0013600001xr7JJ,B1fkWL6yV
0013600001w26Yk,B1fkWL6yV
0013600001w26eL,B1fkWL6yV
0013600001w2Paq,B1fkWL6yV
0013600001w2PV7,B1fkWL6yV
0011R00001zD6GW,B1fkWL6yV
0011R00001zD66l,B1fkWL6yV
0011R00001zD6P4,B1fkWL6yV
0011R00001zD6Dw,B1fkWL6yV
0011R00001zD6ID,B1fkWL6yV
0011R00001zD6V2,B1fkWL6yV
0011R00001zD6FE,B1fkWL6yV
0011R00001zD6OG,B1fkWL6yV
0011R00001zD6WA,B1fkWL6yV
0011R000024jvCV,B1fkWL6yV
0013600001w2MU4,B1fkWL6yV
0013600001w2cSO,B1fkWL6yV
0013600001xr7GA,B1fkWL6yV
0013600001xr6mm,B1fkWL6yV
0013600001xr7N1,B1fkWL6yV
0013600001xr6eT,B1fkWL6yV
0013600001xr4wC,B1fkWL6yV
0013600001xr6pC,B1fkWL6yV
0013600001xr783,B1fkWL6yV
0013600001w23wT,B1fkWL6yV
0013600001xr7LU,B1fkWL6yV
0013600001w23h6,B1fkWL6yV
0013600001w248X,B1fkWL6yV
0013600001w23IV,B1fkWL6yV
0013600001tx0Nm,B1fkWL6yV
0013600001tx0Oz,B1fkWL6yV
0013600001tx0QM,B1fkWL6yV
0011R00001zErs0,B1fkWL6yV
0011R00001zEroD,B1fkWL6yV
0011R00001zEqS1,B1fkWL6yV
0011R00001zEqTT,B1fkWL6yV
0011R00001zEqWN,B1fkWL6yV
0011R00001zErXF,B1fkWL6yV
0011R00001zEpup,B1fkWL6yV
0011R00001zEpwM,B1fkWL6yV
0011R00001zErVi,B1fkWL6yV
0011R00001zEpy3,B1fkWL6yV
0011R00001zEpzG,B1fkWL6yV
0011R00001zErUB,B1fkWL6yV
0011R00001zEqca,B1fkWL6yV
0011R00001zErmt,B1fkWL6yV
0013600001w24Xz,B1fkWL6yV
0013600001w24aA,B1fkWL6yV
0013600001w2735,B1fkWL6yV
0013600001w24QU,B1fkWL6yV
0013600001w270a,B1fkWL6yV
0013600001w27Xw,B1fkWL6yV
0013600001w2OgY,B1fkWL6yV
0013600001w2Oij,B1fkWL6yV
0013600001w235S,B1fkWL6yV
0013600001w2OlJ,B1fkWL6yV
0013600001w275Q,B1fkWL6yV
0013600001w2439,B1fkWL6yV
0013600001w24dJ,B1fkWL6yV
0013600001w2MUs,B1fkWL6yV
0013600001w2Of1,B1fkWL6yV
0013600001w26W5,B1fkWL6yV
0013600001w2Oe8,B1fkWL6yV
0013600001w24ip,B1fkWL6yV
0013600001w23nY,B1fkWL6yV
0013600001w2MW5,B1fkWL6yV
0013600001w2OOT,B1fkWL6yV
0013600001w240m,B1fkWL6yV
0013600001w2Obc,B1fkWL6yV
0013600001w23ru,B1fkWL6yV
0013600001w23ZE,B1fkWL6yV
0013600001w2OXV,B1fkWL6yV
0013600001w2OaA,B1fkWL6yV
0013600001w23LW,B1fkWL6yV
0013600001w24lJ,B1fkWL6yV
0013600001w23dY,B1fkWL6yV
0013600001w24gN,B1fkWL6yV
0013600001w23jW,B1fkWL6yV
0013600001w24Ne,B1fkWL6yV
0013600001w26bO,B1fkWL6yV
0013600001w23PT,B1fkWL6yV
0013600001w24eq,B1fkWL6yV
0013600001w2P0L,B1fkWL6yV
0013600001w2bbb,B1fkWL6yV
0011R00001zErse,B1fkWL6yV
0013600001w2PWU,B1fkWL6yV
0013600001xpLhd,B1fkWL6yV
0013600001xpMbW,B1fkWL6yV
0013600001xpMfi,B1fkWL6yV
0013600001msyO5,B1fkWL6yV
0013600001msyO9,B1fkWL6yV
0013600001w2OJE,B1fkWL6yV
0013600001w2bt1,B1fkWL6yV
0013600001w2Ovv,B1fkWL6yV
0013600001w2PHe,B1fkWL6yV
0013600001xpLoP,B1fkWL6yV
0013600001xpMZa,B1fkWL6yV
0013600001xqH7w,B1fkWL6yV
0013600001xq4U1,B1fkWL6yV
0013600001xq4Pf,B1fkWL6yV
0013600001xqH8k,B1fkWL6yV
0013600001xqjcy,B1fkWL6yV
0011R00001zBpKY,B1fkWL6yV
0013600001xq4So,B1fkWL6yV
0013600001xqjbg,B1fkWL6yV
0011R00001xsm8Z,B1fkWL6yV
0011R00001xt3Fz,B1fkWL6yV
0011R00001zD6Ql,B1fkWL6yV
0011R00001zD6SD,B1fkWL6yV
0011R00001zD6Tu,B1fkWL6yV
0011R00001zEpQi,B1fkWL6yV
0013600001otwa2,B1fkWL6yV
0013600001otwTL,B1fkWL6yV
0013600001otwq0,B1fkWL6yV
0013600001oty1Z,B1fkWL6yV
0013600001otwgZ,B1fkWL6yV
0013600001otxYC,B1fkWL6yV
0013600001otwmD,B1fkWL6yV
0013600001otxbu,B1fkWL6yV
0013600001otxdg,B1fkWL6yV
0013600001oty3u,B1fkWL6yV
0013600001otxwT,B1fkWL6yV
0013600001oty7S,B1fkWL6yV
0013600001otxt5,B1fkWL6yV
0013600001otxur,B1fkWL6yV
0011R00001xt2DE,B1fkWL6yV
0011R00001xt4GB,B1fkWL6yV
0011R00001xt4Gu,B1fkWL6yV
0011R00001xt3VH,B1fkWL6yV
0013600001xsTQk,B1fkWL6yV
0013600001xsR5h,B1fkWL6yV
0013600001xsRIk,B1fkWL6yV
0013600001xsRUc,B1fkWL6yV
0013600001xsTH7,B1fkWL6yV
0011R00001xt3Sg,B1fkWL6yV
0013600001xsR16,B1fkWL6yV
0013600001tw1Wl,rkWzHiSeN
0013600001urBk4,rkWzHiSeN
0013600001vg2HN,rkWzHiSeN
0013600001vg2hx,rkWzHiSeN
0013600001vf8Ra,rkWzHiSeN
0013600001vDtIu,rkWzHiSeN
0013600001vg2xC,rkWzHiSeN
0013600001vfxTK,rkWzHiSeN
0013600001vg31D,rkWzHiSeN
0013600001vg2oZ,rkWzHiSeN
0013600001vg2jt,rkWzHiSeN
0013600001vfxfz,rkWzHiSeN
0013600001vfxdo,rkWzHiSeN
0011R000021pqYC,rkWzHiSeN
0011R000021pqbf,rkWzHiSeN
0011R000021pqil,rkWzHiSeN
0011R000021pqfm,rkWzHiSeN
0011R000021pqjt,rkWzHiSeN
0011R000021ppyS,rkWzHiSeN
0011R000021pqhE,rkWzHiSeN
0011R000021srxK,rkWzHiSeN
0011R000021ss17,rkWzHiSeN
0011R000021srzB,rkWzHiSeN
0011R000021ss0O,rkWzHiSeN
0011R000021sruL,rkWzHiSeN
0011R00001xtDac,rkWzHiSeN
0011R00001xtDVX,rkWzHiSeN
0011R00001xtDdq,rkWzHiSeN
0011R00001xtDf8,rkWzHiSeN
0011R00001zBayn,rkWzHiSeN
0011R00001zBaqy,rkWzHiSeN
0011R00001zBarN,rkWzHiSeN
0011R00001zBqUL,rkWzHiSeN
0011R00001zBqSr,rkWzHiSeN
0011R00001zBqUf,rkWzHiSeN
0011R00001zBqS3,rkWzHiSeN
0011R00001zBqSS,rkWzHiSeN
0011R00001zDXqn,rkWzHiSeN
0011R00001zEfLg,rkWzHiSeN
0011R00001zEfSj,rkWzHiSeN
0011R00001zDn0E,rkWzHiSeN
0011R00002478mX,rkWzHiSeN
0011R00002478lI,rkWzHiSeN
0011R00002478n6,rkWzHiSeN
0011R00002478jW,rkWzHiSeN
0011R000024jukO,rkWzHiSeN
0011R000024kYim,rkWzHiSeN
0011R000024kYd9,rkWzHiSeN
0011R000024kYeg,rkWzHiSeN
0011R000024kYg6,rkWzHiSeN
0011R000024kYli,rkWzHiSeN
0011R000024kYWW,rkWzHiSeN
0011R000024kYRp,rkWzHiSeN
0011R000024kYVT,rkWzHiSeN
0011R000024kxvc,rkWzHiSeN
0011R000024ky1h,rkWzHiSeN
0011R000024kxxa,rkWzHiSeN
0011R000024lZYT,rkWzHiSeN
0011R000024la1G,rkWzHiSeN
0011R000024laA8,rkWzHiSeN
0011R000024mYYe,rkWzHiSeN
0011R000024mbb7,rkWzHiSeN
0011R000024mZyV,rkWzHiSeN
0011R00001xt3ft,rkWzHiSeN
0011R00001xtDXT,rkWzHiSeN
0013600001xpS9Q,rkWzHiSeN
0013600001xpVkP,rkWzHiSeN
0013600001xpN0n,rkWzHiSeN
0013600001xpVl8,rkWzHiSeN
0013600001xpdkq,rkWzHiSeN
0013600001kse86,rkWzHiSeN
0013600001xpN9k,rkWzHiSeN
0013600001xpNHy,rkWzHiSeN
0013600001xpVnP,rkWzHiSeN
0013600001xpVn5,rkWzHiSeN
0013600001xpdgP,rkWzHiSeN
0013600001xpVlh,rkWzHiSeN
0013600001xpVmW,rkWzHiSeN
0011R00001zBqR5,rkWzHiSeN
0011R00001zBaqj,rkWzHiSeN
0011R00001zEfXF,rkWzHiSeN
0011R00001zEfK4,rkWzHiSeN
0011R00001zEfWW,rkWzHiSeN
0013600001oUMCd,rkWzHiSeN
0011R00001xtDZA,rkWzHiSeN
0011R00001xtDa3,rkWzHiSeN
0011R00001zBaXJ,rkWzHiSeN
0011R00001zBaaN,rkWzHiSeN
0011R00001xtDcx,rkWzHiSeN
0011R00001xtDYR,rkWzHiSeN
0013600001pyUcC,rkWzHiSeN
0013600001qW9zC,rkWzHiSeN
0013600001rgKCZ,rkWzHiSeN
0013600001qwacM,rkWzHiSeN
0011R00001xtDeK,rkWzHiSeN
0011R00001xtDbG,rkWzHiSeN
0013600001txwBc,rJRk1OrJ4
0013600001tLyLj,rJRk1OrJ4
0013600001s7Gh1,rJRk1OrJ4
0013600001uam7T,rJRk1OrJ4
0013600001sorbL,rJRk1OrJ4
0013600001s7H5n,rJRk1OrJ4
0013600001tnSRV,rJRk1OrJ4
0013600001spyZz,rJRk1OrJ4
0013600001uESwJ,rJRk1OrJ4
0013600001uamDb,rJRk1OrJ4
0013600001vEbNP,rJRk1OrJ4
0013600001vf7fq,rJRk1OrJ4
0013600001vDvdX,rJRk1OrJ4
0013600001vFbfn,rJRk1OrJ4
0013600001vf47t,rJRk1OrJ4
0013600001vg2lQ,rJRk1OrJ4
0013600001vfwwr,rJRk1OrJ4
0013600001viUPA,rJRk1OrJ4
0013600001vibmE,rJRk1OrJ4
0013600001vifCJ,rJRk1OrJ4
0013600001viZiR,rJRk1OrJ4
0013600001vicqm,rJRk1OrJ4
0013600001txwNk,rJRk1OrJ4
0013600001viWxK,rJRk1OrJ4
0013600001w0qdt,rJRk1OrJ4
0011R000021szKf,rJRk1OrJ4
0011R000021szZj,rJRk1OrJ4
0013600001w28eh,rJRk1OrJ4
0013600001w2vYm,rJRk1OrJ4
0013600001w2u3S,rJRk1OrJ4
0013600001w2aZj,rJRk1OrJ4
0013600001w2tTA,rJRk1OrJ4
0013600001w2tX2,rJRk1OrJ4
0013600001mtMmH,rJRk1OrJ4
0013600001msyMg,rJRk1OrJ4
0013600001msyMi,rJRk1OrJ4
0013600001msyPN,rJRk1OrJ4
0013600001msyPO,rJRk1OrJ4
0013600001msyPP,rJRk1OrJ4
0013600001msyPQ,rJRk1OrJ4
0013600001msyPR,rJRk1OrJ4
0013600001msyPS,rJRk1OrJ4
0013600001msyMP,rJRk1OrJ4
0013600001w2tEj,rJRk1OrJ4
0013600001xsUMr,rJRk1OrJ4
0013600001pvU8J,rJRk1OrJ4
0013600001pLvo9,rJRk1OrJ4
0013600001xsUDD,rJRk1OrJ4
0013600001qyeEs,rJRk1OrJ4
0013600001rgKYQ,rJRk1OrJ4
0013600001rG0Fs,rJRk1OrJ4
0013600001pxn0a,rJRk1OrJ4
0013600001qXuGu,rJRk1OrJ4
0013600001rgHa4,rJRk1OrJ4
0013600001qXveF,rJRk1OrJ4
0013600001qWA89,rJRk1OrJ4
0013600001pxjWX,rJRk1OrJ4
0013600001qxj4F,rJRk1OrJ4
0013600001pxn1x,rJRk1OrJ4
0013600001rgHa9,rJRk1OrJ4
0013600001qXuMn,rJRk1OrJ4
0013600001ualrf,S1eAysSJ4
0013600001uau09,S1eAysSJ4
0013600001uadQR,S1eAysSJ4
0013600001uad0O,S1eAysSJ4
0013600001uZvVB,S1eAysSJ4
0013600001uabt7,S1eAysSJ4
0013600001uacM9,S1eAysSJ4
0013600001uac5r,S1eAysSJ4
0013600001urDo1,S1eAysSJ4
0013600001uan8q,S1eAysSJ4
0013600001uan1J,S1eAysSJ4
0013600001ur8VF,S1eAysSJ4
0013600001vBiuZ,S1eAysSJ4
0013600001utzsT,S1eAysSJ4
0013600001uadeY,S1eAysSJ4
0013600001uamJK,S1eAysSJ4
0013600001uanJK,S1eAysSJ4
0013600001urzoh,S1eAysSJ4
0013600001vEe53,S1eAysSJ4
0013600001uc1Hs,S1eAysSJ4
0013600001uanEK,S1eAysSJ4
0013600001vf86c,S1eAysSJ4
0013600001vEiYk,S1eAysSJ4
0013600001vBjJv,S1eAysSJ4
0013600001vDlom,S1eAysSJ4
0013600001urzmO,S1eAysSJ4
0013600001urzr7,S1eAysSJ4
0013600001uu0QV,S1eAysSJ4
0013600001vDpPR,S1eAysSJ4
0013600001vDvCD,S1eAysSJ4
0013600001vf8Nd,S1eAysSJ4
0013600001vgCUm,S1eAysSJ4
0013600001vBkZp,S1eAysSJ4
0013600001vEgpq,S1eAysSJ4
0013600001urDwr,S1eAysSJ4
0013600001ury91,S1eAysSJ4
0013600001vDpqz,S1eAysSJ4
0013600001utzGZ,S1eAysSJ4
0013600001viez0,S1eAysSJ4
0013600001viZvB,S1eAysSJ4
0013600001uae46,S1eAysSJ4
0013600001uadBR,S1eAysSJ4
0013600001uc1LG,S1eAysSJ4
0013600001w0IKj,S1eAysSJ4
0013600001vifcg,S1eAysSJ4
0013600001w0GSd,S1eAysSJ4
0013600001w0gb7,S1eAysSJ4
0013600001w14AR,S1eAysSJ4
0011R000021pOul,S1eAysSJ4
0013600001w170l,S1eAysSJ4
0011R000022goVo,S1eAysSJ4
0011R00001xslus,S1eAysSJ4
0013600001xraKw,S1eAysSJ4
0011R0000246oX8,S1eAysSJ4
0011R000024mbfQ,S1eAysSJ4
0011R000024mbg1,S1eAysSJ4
0011R000024mNkE,S1eAysSJ4
0011R000025h7e4,S1eAysSJ4
0011R000025h7fO,S1eAysSJ4
0013600001uacqE,S1eAysSJ4
0013600001uacff,S1eAysSJ4
0013600001xrTZV,S1eAysSJ4
0013600001mvFxk,S1eAysSJ4
0013600001nDVON,S1eAysSJ4
0013600001w2fna,S1eAysSJ4
0013600001w2txj,S1eAysSJ4
0013600001xrBam,S1eAysSJ4
0013600001w3OIC,S1eAysSJ4
0013600001ngeZT,S1eAysSJ4
0013600001ngelA,S1eAysSJ4
0013600001ng5y1,S1eAysSJ4
0013600001mtJfz,S1eAysSJ4
0013600001kseAq,S1eAysSJ4
0013600001mvGDn,S1eAysSJ4
0013600001ng5tk,S1eAysSJ4
0013600001ngb22,S1eAysSJ4
0013600001mtJTj,S1eAysSJ4
0013600001kse7k,S1eAysSJ4
0013600001kse7l,S1eAysSJ4
0013600001kse7m,S1eAysSJ4
0013600001kse7n,S1eAysSJ4
0013600001kse7p,S1eAysSJ4
0013600001kse7r,S1eAysSJ4
0013600001kse7u,S1eAysSJ4
0013600001kse7w,S1eAysSJ4
0013600001kse7y,S1eAysSJ4
0013600001kse7z,S1eAysSJ4
0013600001kse80,S1eAysSJ4
0013600001kse88,S1eAysSJ4
0013600001kse8D,S1eAysSJ4
0013600001kse8E,S1eAysSJ4
0013600001kse8G,S1eAysSJ4
0013600001kse8I,S1eAysSJ4
0013600001kse8K,S1eAysSJ4
0013600001kse8L,S1eAysSJ4
0013600001kse8P,S1eAysSJ4
0013600001kse8Q,S1eAysSJ4
0013600001kse8W,S1eAysSJ4
0013600001kse8X,S1eAysSJ4
0013600001kse8Z,S1eAysSJ4
0013600001kse8a,S1eAysSJ4
0013600001kse8d,S1eAysSJ4
0013600001kse8e,S1eAysSJ4
0013600001kse8g,S1eAysSJ4
0013600001kse8l,S1eAysSJ4
0013600001kse8m,S1eAysSJ4
0013600001kse8o,S1eAysSJ4
0013600001kse8p,S1eAysSJ4
0013600001kse8q,S1eAysSJ4
0013600001kse8r,S1eAysSJ4
0013600001kse8s,S1eAysSJ4
0013600001kse8u,S1eAysSJ4
0013600001kse8v,S1eAysSJ4
0013600001kse8y,S1eAysSJ4
0013600001ngehc,S1eAysSJ4
0013600001msyNI,S1eAysSJ4
0013600001msyNT,S1eAysSJ4
0013600001msyNW,S1eAysSJ4
0013600001msyNY,S1eAysSJ4
0013600001msyNd,S1eAysSJ4
0013600001msyOJ,S1eAysSJ4
0013600001msyOK,S1eAysSJ4
0013600001msyOM,S1eAysSJ4
0013600001msyON,S1eAysSJ4
0013600001msyOO,S1eAysSJ4
0013600001msyOP,S1eAysSJ4
0013600001mtFaG,S1eAysSJ4
0013600001msyOx,S1eAysSJ4
0013600001msyOy,S1eAysSJ4
0013600001msyP3,S1eAysSJ4
0013600001msyP5,S1eAysSJ4
0013600001xqjea,S1eAysSJ4
0013600001xqkdU,S1eAysSJ4
0011R00001xsunT,S1eAysSJ4
0013600001ovyXe,S1eAysSJ4
0013600001otw5E,S1eAysSJ4
0013600001otwMF,S1eAysSJ4
0013600001oV8KC,S1eAysSJ4
0013600001oYBX4,S1eAysSJ4
0013600001otscY,S1eAysSJ4
0013600001ovLXS,S1eAysSJ4
0013600001pvar1,S1eAysSJ4
0013600001pM5E8,S1eAysSJ4
0013600001otwtn,S1eAysSJ4
0013600001pvatq,S1eAysSJ4
0013600001pKLny,S1eAysSJ4
0013600001otvqn,S1eAysSJ4
0013600001otxuh,S1eAysSJ4
0013600001pvbf6,S1eAysSJ4
0013600001pvM5f,S1eAysSJ4
0013600001ovMra,S1eAysSJ4
0013600001ovM2I,S1eAysSJ4
0013600001oty5v,S1eAysSJ4
0013600001otwgP,S1eAysSJ4
0013600001pM4BI,S1eAysSJ4
0013600001otwGg,S1eAysSJ4
0013600001pvU5K,S1eAysSJ4
0013600001pvbg4,S1eAysSJ4
0013600001px8ST,S1eAysSJ4
0013600001qX3rP,S1eAysSJ4
0013600001qX4ks,S1eAysSJ4
0013600001qwj7M,S1eAysSJ4
0013600001pxbCC,S1eAysSJ4
0013600001qX2zG,S1eAysSJ4
0013600001pxkMK,S1eAysSJ4
0013600001xsQL2,S1eAysSJ4
0013600001uatgn,SJiprdS1E
0013600001tnLz5,SJiprdS1E
0013600001uatYe,SJiprdS1E
0013600001uatp6,SJiprdS1E
0013600001tnMM4,SJiprdS1E
0013600001uatwq,SJiprdS1E
0013600001urBs3,SJiprdS1E
0013600001w0HES,SJiprdS1E
0011R000022dJhP,SJiprdS1E
0011R000022dV0D,SJiprdS1E
0011R000022dJeM,SJiprdS1E
0011R000022dJkx,SJiprdS1E
0011R000022dJcG,SJiprdS1E
0011R000022dJiw,SJiprdS1E
0011R000022dJh0,SJiprdS1E
0011R000022dnOR,SJiprdS1E
0013600001xsJMl,SJiprdS1E
0011R00001zEfII,SJiprdS1E
0011R00001zEfMy,SJiprdS1E
0011R00001zEfZq,SJiprdS1E
0011R00001zD8TS,SJiprdS1E
0011R00001zCVCj,SJiprdS1E
0011R000024jW2B,SJiprdS1E
0011R000024jVHG,SJiprdS1E
0011R000024jl5v,SJiprdS1E
0011R000024jwtv,SJiprdS1E
0011R000024k8at,SJiprdS1E
0011R000024k8do,SJiprdS1E
0011R000024jwu5,SJiprdS1E
0011R000024k8Ss,SJiprdS1E
0011R000024k8OP,SJiprdS1E
0011R000024kxWP,SJiprdS1E
0011R000024lJxR,SJiprdS1E
0011R000024l9f9,SJiprdS1E
0013600001w2dOq,SJiprdS1E
0013600001w2ObX,SJiprdS1E
0011R000024mOai,SJiprdS1E
0011R000024n2Fj,SJiprdS1E
0011R000024n2GN,SJiprdS1E
0011R000024n2ER,SJiprdS1E
0011R000024n2CP,SJiprdS1E
0011R000024n29e,SJiprdS1E
0011R000025h8gG,SJiprdS1E
0011R000025htHS,SJiprdS1E
0013600001w2OaU,SJiprdS1E
0013600001w2dUj,SJiprdS1E
0013600001w2djr,SJiprdS1E
0013600001xq35R,SJiprdS1E
0013600001xq32S,SJiprdS1E
0013600001xq3Ci,SJiprdS1E
0013600001xq3GL,SJiprdS1E
0013600001w2Ocu,SJiprdS1E
0013600001w2xMI,SJiprdS1E
0013600001w2dfL,SJiprdS1E
0013600001w337b,SJiprdS1E
0013600001xq381,SJiprdS1E
0013600001xq3cD,SJiprdS1E
0013600001xq3xl,SJiprdS1E
0013600001xq3N7,SJiprdS1E
0013600001xq39x,SJiprdS1E
0011R00001zEfP6,SJiprdS1E
0011R00001zEfA4,SJiprdS1E
0011R00001zEfEE,SJiprdS1E
0011R00001zEfY4,SJiprdS1E
0011R00001zEfSo,SJiprdS1E
0013600001tuovJ,SJjD1cByN
0013600001tmN82,SJjD1cByN
0013600001txpaL,SJjD1cByN
0013600001txvwQ,SJjD1cByN
0013600001ubyVv,SJjD1cByN
0013600001w0xZF,SJjD1cByN
0013600001w0xo8,SJjD1cByN
0011R000021t15f,SJjD1cByN
0011R000022e6mE,SJjD1cByN
0011R000024jlLA,SJjD1cByN
0011R000024jwlM,SJjD1cByN
0011R000024lNCY,SJjD1cByN
0013600001nEjYG,SJjD1cByN
0013600001kse7j,SJjD1cByN
0013600001kse7q,SJjD1cByN
0013600001kse7x,SJjD1cByN
0013600001kse8C,SJjD1cByN
0013600001kse8S,SJjD1cByN
0013600001kse8U,SJjD1cByN
0013600001kse8Y,SJjD1cByN
0013600001kse8i,SJjD1cByN
0013600001kse8k,SJjD1cByN
0013600001msyMm,SJjD1cByN
0013600001msyMo,SJjD1cByN
0013600001msyNz,SJjD1cByN
0013600001msyO7,SJjD1cByN
0013600001w2uuT,SJjD1cByN
0013600001xsPIM,SJjD1cByN
0013600001njPgF,SJjD1cByN
0013600001oUM8q,SJjD1cByN
0013600001oUMrH,SJjD1cByN
0013600001njRsy,SJjD1cByN
0013600001oWctz,SJjD1cByN
0013600001oUO8J,SJjD1cByN
0013600001njOvn,SJjD1cByN
0013600001oUJeu,SJjD1cByN
0013600001oUKpE,SJjD1cByN
0013600001oUNpC,SJjD1cByN
0013600001pJiUJ,SJjD1cByN
0013600001pLC5w,SJjD1cByN
0013600001oUN2F,SJjD1cByN
0013600001pvJws,SJjD1cByN
0013600001pvbmq,SJjD1cByN
0013600001rFwvi,SJjD1cByN
0013600001seQKD,B15ipu1QN
0011R000021pQ1b,B15ipu1QN
0011R000021pqWk,B15ipu1QN
0011R000021ppVN,B15ipu1QN
0011R00001zCN80,B15ipu1QN
0011R00001zC5im,B15ipu1QN
0011R00001zCmBO,B15ipu1QN
0011R00001zDe5F,B15ipu1QN
0011R00001zCUPS,B15ipu1QN
0011R00001zCtlF,B15ipu1QN
0011R00001zDO2C,B15ipu1QN
0011R000024kaqL,B15ipu1QN
0011R000024lWPY,B15ipu1QN
0011R000024mbtj,B15ipu1QN
0011R000024mnSx,B15ipu1QN
0011R000024mbsI,B15ipu1QN
0011R000024mnGy,B15ipu1QN
0011R000024mqK2,B15ipu1QN
0011R000024mm9S,B15ipu1QN
0011R000024mamT,B15ipu1QN
0011R000024mb45,B15ipu1QN
0011R000024mnM8,B15ipu1QN
0011R000024mb9I,B15ipu1QN
0011R000025h7af,B15ipu1QN
0011R000025h7oF,B15ipu1QN
0013600001nhm5N,B15ipu1QN
0013600001ng6Ex,B15ipu1QN
0013600001msyNy,B15ipu1QN
0011R00001zEdOT,B15ipu1QN
0011R00001zDWTE,B15ipu1QN
0013600001njPqK,B15ipu1QN
0013600001njPy4,B15ipu1QN
0013600001pLIxZ,B15ipu1QN
0013600001njPw3,B15ipu1QN
0013600001pKT7N,B15ipu1QN
0013600001pvZDs,B15ipu1QN
0013600001pLK8E,B15ipu1QN
0013600001pJWiv,B15ipu1QN
0013600001qZfQF,B15ipu1QN
0013600001qX0Wl,B15ipu1QN
0013600001pxfRM,B15ipu1QN
0013600001pyQZq,B15ipu1QN
0013600001qwcIY,B15ipu1QN
0013600001tv9ae,BJdPemQ14
0013600001tmKMI,BJdPemQ14
0013600001s7EaI,BJdPemQ14
0013600001s5yJQ,BJdPemQ14
0013600001tmP9F,BJdPemQ14
0013600001sgDMU,BJdPemQ14
0013600001s75PR,BJdPemQ14
0013600001tM1sn,BJdPemQ14
0013600001uanVJ,BJdPemQ14
0013600001tmLSa,BJdPemQ14
0013600001seVyB,BJdPemQ14
0013600001tv1Mj,BJdPemQ14
0013600001uEKRu,BJdPemQ14
0013600001uanEA,BJdPemQ14
0013600001sE7ON,BJdPemQ14
0013600001sqA8R,BJdPemQ14
0013600001sEAWp,BJdPemQ14
0013600001tLyuu,BJdPemQ14
0013600001txu7U,BJdPemQ14
0013600001tw1WH,BJdPemQ14
0013600001tw6uR,BJdPemQ14
0013600001sE9Br,BJdPemQ14
0013600001sENXL,BJdPemQ14
0013600001spxWz,BJdPemQ14
0013600001tM1FB,BJdPemQ14
0013600001sr7oR,BJdPemQ14
0013600001tKx4j,BJdPemQ14
0013600001tx5UE,BJdPemQ14
0013600001tmI4Q,BJdPemQ14
0013600001uc1AY,BJdPemQ14
0013600001ur61I,BJdPemQ14
0013600001vEe9t,BJdPemQ14
0013600001uanrr,BJdPemQ14
0011R000021pKmD,BJdPemQ14
0011R000021sz8y,BJdPemQ14
0013600001nhnhP,BJdPemQ14
0013600001nghTm,BJdPemQ14
0013600001nhFah,BJdPemQ14
0013600001msyND,BJdPemQ14
0013600001msyNq,BJdPemQ14
0013600001msyNr,BJdPemQ14
0013600001msyOA,BJdPemQ14
0013600001msyOI,BJdPemQ14
0013600001msyOZ,BJdPemQ14
0013600001msyPJ,BJdPemQ14
0013600001msyMV,BJdPemQ14
0013600001xs0sQ,BJdPemQ14
0013600001njTsg,BJdPemQ14
0013600001njTY2,BJdPemQ14
0013600001pKPXQ,BJdPemQ14
0013600001oGuqp,BJdPemQ14
0013600001pvbs2,BJdPemQ14
0013600001pxGBV,BJdPemQ14
0013600001pvIC0,BJdPemQ14
0013600001pLJCy,BJdPemQ14
0013600001pxAWr,BJdPemQ14
0013600001pLK1h,BJdPemQ14
0013600001pvZki,BJdPemQ14
0013600001pKOQs,BJdPemQ14
0013600001pvJac,BJdPemQ14
0013600001pLKPo,BJdPemQ14
0013600001qX1D8,BJdPemQ14
0013600001qXxEd,BJdPemQ14
0013600001qXoJ3,BJdPemQ14
0013600001qXlpQ,BJdPemQ14
0013600001rgNv1,BJdPemQ14
0013600001qyZ59,BJdPemQ14
0013600001rG0T1,BJdPemQ14
0013600001qX362,BJdPemQ14
0013600001qX3VX,BJdPemQ14
0013600001qXrSm,BJdPemQ14
0013600001qvfbF,BJdPemQ14
0013600001qZnyS,BJdPemQ14
0013600001qZgtH,BJdPemQ14
0013600001rEvkx,BJdPemQ14
0013600001qXohK,BJdPemQ14
0013600001qWDDc,BJdPemQ14
0013600001qZeea,BJdPemQ14
0013600001qZk05,BJdPemQ14
0013600001qvlPF,BJdPemQ14
0013600001qXs9K,BJdPemQ14
0013600001qXtp0,BJdPemQ14
0013600001rgHeG,BJdPemQ14
0013600001rhaw0,BJdPemQ14
0013600001qXn50,BJdPemQ14
0013600001qygy6,BJdPemQ14
0013600001qXtfM,BJdPemQ14
0013600001rEmcx,BJdPemQ14
0013600001qXr0s,BJdPemQ14
0013600001rgRzN,BJdPemQ14
0013600001qvafM,BJdPemQ14
0013600001qZmyF,BJdPemQ14
0013600001pxeKZ,BJdPemQ14
0013600001pxb2K,BJdPemQ14
0013600001qZkFo,BJdPemQ14
0013600001qX3FY,BJdPemQ14
0013600001qZfnn,BJdPemQ14
0013600001rG3P2,BJdPemQ14
0013600001rFxhO,BJdPemQ14
0013600001rFySj,BJdPemQ14
0013600001qXndR,BJdPemQ14
0013600001pyVlC,BJdPemQ14
0013600001qva3h,BJdPemQ14
0013600001rhapx,BJdPemQ14
0013600001rgS3y,BJdPemQ14
0013600001rgT45,BJdPemQ14
0013600001s8lWN,ryQg1QE1V
0013600001ssGdl,ryQg1QE1V
0013600001tv1yx,ryQg1QE1V
0013600001tx0BH,ryQg1QE1V
0013600001uEMlP,ryQg1QE1V
0013600001srF9i,ryQg1QE1V
0013600001uafmK,ryQg1QE1V
0013600001sq0FJ,ryQg1QE1V
0013600001tv9Ch,ryQg1QE1V
0013600001uan6B,ryQg1QE1V
0013600001sq0I8,ryQg1QE1V
0013600001tK1Kd,ryQg1QE1V
0013600001tmQcn,ryQg1QE1V
0013600001uanvy,ryQg1QE1V
0013600001us5xJ,ryQg1QE1V
0013600001srFKR,ryQg1QE1V
0013600001tLA8p,ryQg1QE1V
0013600001us8Jf,ryQg1QE1V
0013600001tmKfN,ryQg1QE1V
0013600001ubuEl,ryQg1QE1V
0013600001tmIUM,ryQg1QE1V
0013600001srAK3,ryQg1QE1V
0013600001uatwM,ryQg1QE1V
0013600001vfz7k,ryQg1QE1V
0013600001vg5EV,ryQg1QE1V
0013600001vf7YB,ryQg1QE1V
0013600001vFe6m,ryQg1QE1V
0013600001vFnFV,ryQg1QE1V
0013600001vEWIr,ryQg1QE1V
0013600001w08X8,ryQg1QE1V
0013600001w0XPd,ryQg1QE1V
0013600001tu1jv,ryQg1QE1V
0013600001tx09J,ryQg1QE1V
0011R00001xtOYo,ryQg1QE1V
0011R0000246mxC,ryQg1QE1V
0013600001w0F67,ryQg1QE1V
0013600001w05y7,ryQg1QE1V
0013600001w15ZP,ryQg1QE1V
0011R000021pOEw,ryQg1QE1V
0011R000021t0Yg,ryQg1QE1V
0011R000021t0Oj,ryQg1QE1V
0011R000022dIko,ryQg1QE1V
0011R000022dIg1,ryQg1QE1V
0011R000022dIjF,ryQg1QE1V
0011R000022dIiR,ryQg1QE1V
0013600001w0qjr,ryQg1QE1V
0013600001w14LK,ryQg1QE1V
0011R00001zC5Pa,ryQg1QE1V
0011R00001zBqas,ryQg1QE1V
0011R000022gmE1,ryQg1QE1V
0011R000022gmHL,ryQg1QE1V
0011R00001zCuL6,ryQg1QE1V
0011R00001zD4tA,ryQg1QE1V
0011R00001zCCt2,ryQg1QE1V
0011R00001zCuF7,ryQg1QE1V
0011R00001zD4ud,ryQg1QE1V
0011R00001zCEs6,ryQg1QE1V
0011R00001zCuK8,ryQg1QE1V
0011R00001zCuHs,ryQg1QE1V
0011R00001zD4yG,ryQg1QE1V
0011R00001zCuIR,ryQg1QE1V
0011R00001zD4wP,ryQg1QE1V
0011R00001zD4xI,ryQg1QE1V
0011R00001zDXEt,ryQg1QE1V
0013600001w27oP,ryQg1QE1V
0011R000024mlmw,ryQg1QE1V
0011R000024mllU,ryQg1QE1V
0011R000025i8ey,ryQg1QE1V
0013600001uag3e,ryQg1QE1V
0011R00001xt25A,ryQg1QE1V
0013600001w2dJl,ryQg1QE1V
0013600001w2Le4,ryQg1QE1V
0013600001w2M9T,ryQg1QE1V
0013600001w2Av1,ryQg1QE1V
0013600001w2MR5,ryQg1QE1V
0013600001w329m,ryQg1QE1V
0013600001w2xyn,ryQg1QE1V
0013600001w2yRr,ryQg1QE1V
0013600001w32ES,ryQg1QE1V
0013600001w2znj,ryQg1QE1V
0013600001w3HMs,ryQg1QE1V
0013600001w312B,ryQg1QE1V
0013600001kse8b,ryQg1QE1V
0013600001msyMs,ryQg1QE1V
0013600001msyMt,ryQg1QE1V
0013600001msyMu,ryQg1QE1V
0013600001msyMv,ryQg1QE1V
0013600001msyMw,ryQg1QE1V
0013600001msyNB,ryQg1QE1V
0013600001msyNE,ryQg1QE1V
0013600001msyNp,ryQg1QE1V
0013600001msyOL,ryQg1QE1V
0013600001msyOT,ryQg1QE1V
0013600001msyOU,ryQg1QE1V
0013600001msyOV,ryQg1QE1V
0013600001msyP1,ryQg1QE1V
0013600001msyP4,ryQg1QE1V
0013600001msyP9,ryQg1QE1V
0013600001msyPK,ryQg1QE1V
0013600001msyMZ,ryQg1QE1V
0013600001w2yGT,ryQg1QE1V
0013600001xq7cu,ryQg1QE1V
0013600001w30R5,ryQg1QE1V
0013600001xq7sE,ryQg1QE1V
0013600001xq84U,ryQg1QE1V
0013600001xq6Qc,ryQg1QE1V
0013600001xq7vS,ryQg1QE1V
0013600001xq7kt,ryQg1QE1V
0013600001xq6xw,ryQg1QE1V
0013600001xq6Hk,ryQg1QE1V
0013600001xq7yR,ryQg1QE1V
0013600001xqgLx,ryQg1QE1V
0011R00001xt23j,ryQg1QE1V
0013600001xsUzS,ryQg1QE1V
0011R00001xt27z,ryQg1QE1V
0011R00001xt26S,ryQg1QE1V
0011R00001xt4By,ryQg1QE1V
0011R00001zEdNG,ryQg1QE1V
0011R00001zEeds,ryQg1QE1V
0013600001niyLZ,ryQg1QE1V
0013600001njOdP,ryQg1QE1V
0013600001niyJJ,ryQg1QE1V
0013600001niyQj,ryQg1QE1V
0013600001oHeBk,ryQg1QE1V
0013600001pL8SN,ryQg1QE1V
0013600001xq81u,ryQg1QE1V
0011R00001xsnT3,ryQg1QE1V
0013600001qyX5C,ryQg1QE1V
0013600001qyYxZ,ryQg1QE1V
0013600001rEpBg,ryQg1QE1V
0013600001qXwFL,ryQg1QE1V
0013600001qvcxc,ryQg1QE1V
0013600001rgUVe,ryQg1QE1V
0013600001qX0xe,ryQg1QE1V
0013600001rG2Ld,ryQg1QE1V
0013600001qyiQz,ryQg1QE1V
0013600001rEruQ,ryQg1QE1V
0013600001qZnym,ryQg1QE1V
0013600001sq2c8,Hkiz5f4JN
0013600001uETaB,Hkiz5f4JN
0013600001ubte9,Hkiz5f4JN
0013600001uafvW,Hkiz5f4JN
0013600001vBies,Hkiz5f4JN
0013600001w08Nh,Hkiz5f4JN
0011R000022dZmM,Hkiz5f4JN
0011R000022dZiP,Hkiz5f4JN
0011R000022dZqU,Hkiz5f4JN
0011R000022dZkx,Hkiz5f4JN
0011R000022dZoH,Hkiz5f4JN
0011R000022dZnq,Hkiz5f4JN
0011R000022dZnG,Hkiz5f4JN
0011R00001zEdxH,Hkiz5f4JN
0011R000024mYM7,Hkiz5f4JN
0011R000024mYNF,Hkiz5f4JN
0011R000024mYKQ,Hkiz5f4JN
0013600001msyMh,Hkiz5f4JN
0013600001msyMc,Hkiz5f4JN
0013600001msyMd,Hkiz5f4JN
0013600001msyMf,Hkiz5f4JN
0011R00001zDXUN,Hkiz5f4JN
0013600001pLG5r,Hkiz5f4JN
0013600001qxjhW,Hkiz5f4JN
0013600001qX0P6,Hkiz5f4JN
0013600001qygw0,Hkiz5f4JN
0013600001tmXkL,Byuz8vSkV
0013600001tv4yQ,Byuz8vSkV
0013600001tv50g,Byuz8vSkV
0013600001tv51F,Byuz8vSkV
0013600001tv531,Byuz8vSkV
0013600001tMFct,Byuz8vSkV
0013600001tMFeB,Byuz8vSkV
0013600001ubu18,Byuz8vSkV
0013600001uc1C9,Byuz8vSkV
0013600001tmIrB,Byuz8vSkV
0013600001tvBv4,Byuz8vSkV
0013600001tvBaL,Byuz8vSkV
0013600001ualS3,Byuz8vSkV
0013600001tMFcA,Byuz8vSkV
0013600001tmIlI,Byuz8vSkV
0013600001uc0qs,Byuz8vSkV
0013600001uc0tX,Byuz8vSkV
0013600001tvC2s,Byuz8vSkV
0013600001tvC2J,Byuz8vSkV
0013600001uENfB,Byuz8vSkV
0013600001tvBXq,Byuz8vSkV
0013600001uZvCd,Byuz8vSkV
0013600001ubptZ,Byuz8vSkV
0013600001uc15x,Byuz8vSkV
0013600001uZv7x,Byuz8vSkV
0013600001tmIa0,Byuz8vSkV
0013600001uZvBB,Byuz8vSkV
0013600001tMFfn,Byuz8vSkV
0013600001tvBZS,Byuz8vSkV
0013600001twyyL,Byuz8vSkV
0013600001tv5M3,Byuz8vSkV
0013600001uZvFc,Byuz8vSkV
0013600001uc1G1,Byuz8vSkV
0013600001tmIuP,Byuz8vSkV
0013600001twssR,Byuz8vSkV
0013600001tmIft,Byuz8vSkV
0013600001tmY0O,Byuz8vSkV
0013600001tv4vb,Byuz8vSkV
0013600001tv9Zg,Byuz8vSkV
0013600001tvBbE,Byuz8vSkV
0013600001tMFa9,Byuz8vSkV
0013600001tvBxe,Byuz8vSkV
0013600001tmImG,Byuz8vSkV
0013600001twtCH,Byuz8vSkV
0013600001txomz,Byuz8vSkV
0013600001tv4wf,Byuz8vSkV
0013600001tmIz5,Byuz8vSkV
0013600001tmInY,Byuz8vSkV
0013600001uc1Dl,Byuz8vSkV
0013600001uc1FD,Byuz8vSkV
0013600001tv55v,Byuz8vSkV
0013600001tnPrp,Byuz8vSkV
0013600001uZvBQ,Byuz8vSkV
0013600001uZvEF,Byuz8vSkV
0013600001uc13r,Byuz8vSkV
0013600001uc0xo,Byuz8vSkV
0013600001uc0vd,Byuz8vSkV
0013600001ubrpx,Byuz8vSkV
0013600001ubtal,Byuz8vSkV
0013600001uc10J,Byuz8vSkV
0013600001vDvks,Byuz8vSkV
0013600001vDuoA,Byuz8vSkV
0013600001uZvC4,Byuz8vSkV
0013600001vDsmF,Byuz8vSkV
0013600001uc0t3,Byuz8vSkV
0013600001ubrx8,Byuz8vSkV
0013600001vgBlJ,Byuz8vSkV
0013600001uc0oN,Byuz8vSkV
0013600001uc11H,Byuz8vSkV
0013600001uc1AJ,Byuz8vSkV
0013600001uc1Gf,Byuz8vSkV
0013600001uc15E,Byuz8vSkV
0013600001vDslL,Byuz8vSkV
0013600001vDsiq,Byuz8vSkV
0013600001vDusD,Byuz8vSkV
0013600001ubrta,Byuz8vSkV
0013600001vDuqq,Byuz8vSkV
0013600001vFngD,Byuz8vSkV
0013600001vDsgf,Byuz8vSkV
0013600001vDuux,Byuz8vSkV
0013600001w097z,Byuz8vSkV
0013600001vicU2,Byuz8vSkV
0013600001vicXp,Byuz8vSkV
0013600001w098x,Byuz8vSkV
0013600001vicds,Byuz8vSkV
0013600001w0I7B,Byuz8vSkV
0013600001w0ZDo,Byuz8vSkV
0013600001w09QZ,Byuz8vSkV
0013600001w15B9,Byuz8vSkV
0013600001w15FI,Byuz8vSkV
0013600001w15Nx,Byuz8vSkV
0013600001w0i1t,Byuz8vSkV
0013600001w0hdS,Byuz8vSkV
0013600001w15Yq,Byuz8vSkV
0013600001w0ZAp,Byuz8vSkV
0013600001w0ike,Byuz8vSkV
0013600001w0iqJ,Byuz8vSkV
0013600001w0ir7,Byuz8vSkV
0013600001w15bk,Byuz8vSkV
0013600001w15bu,Byuz8vSkV
0013600001w0hSF,Byuz8vSkV
0013600001w0dkr,Byuz8vSkV
0013600001w0gpx,Byuz8vSkV
0013600001w0hEn,Byuz8vSkV
0013600001w0hh0,Byuz8vSkV
0013600001w0i09,Byuz8vSkV
0013600001w0idE,Byuz8vSkV
0013600001w0inT,Byuz8vSkV
0013600001w0ndf,Byuz8vSkV
0013600001w15MV,Byuz8vSkV
0013600001w15h4,Byuz8vSkV
0013600001w0oRy,Byuz8vSkV
0013600001w0gYS,Byuz8vSkV
0013600001w0iqs,Byuz8vSkV
0013600001w0ixU,Byuz8vSkV
0013600001w0hym,Byuz8vSkV
0013600001w0iSp,Byuz8vSkV
0013600001w0iaP,Byuz8vSkV
0013600001w0ie2,Byuz8vSkV
0013600001w0iiY,Byuz8vSkV
0013600001w0ikU,Byuz8vSkV
0013600001w0icQ,Byuz8vSkV
0013600001w0ilc,Byuz8vSkV
0013600001w0gy1,Byuz8vSkV
0013600001w0hbq,Byuz8vSkV
0013600001w0f9b,Byuz8vSkV
0011R00001zEpmB,Byuz8vSkV
0011R00001zEpo2,Byuz8vSkV
0013600001uZv9K,Byuz8vSkV
0013600001ubsP7,Byuz8vSkV
0013600001uc188,Byuz8vSkV
0013600001twyvW,Byuz8vSkV
0011R00001zEpyI,Byuz8vSkV
0011R00001zBixx,Byuz8vSkV
0011R00001zD4t0,Byuz8vSkV
0013600001w0FnX,Byuz8vSkV
0013600001w0GB9,Byuz8vSkV
0013600001w0h5q,Byuz8vSkV
0013600001w0hNu,Byuz8vSkV
0013600001w0h2S,Byuz8vSkV
0013600001w0h5v,Byuz8vSkV
0013600001w0iXk,Byuz8vSkV
0013600001w15JH,Byuz8vSkV
0013600001w15cO,Byuz8vSkV
0013600001w15eK,Byuz8vSkV
0013600001w0IAK,Byuz8vSkV
0013600001w0fcF,Byuz8vSkV
0013600001w0izp,Byuz8vSkV
0013600001w0dla,Byuz8vSkV
0013600001w0h2D,Byuz8vSkV
0013600001w0iXp,Byuz8vSkV
0013600001w0ilI,Byuz8vSkV
0013600001w0gfY,Byuz8vSkV
0013600001w0ih1,Byuz8vSkV
0013600001w0ii4,Byuz8vSkV
0013600001w15Yv,Byuz8vSkV
0013600001w0iWh,Byuz8vSkV
0013600001w0ioR,Byuz8vSkV
0013600001w0j0d,Byuz8vSkV
0013600001w0nXO,Byuz8vSkV
0013600001w0cPY,Byuz8vSkV
0013600001w0iTE,Byuz8vSkV
0013600001w0j1g,Byuz8vSkV
0013600001w15lk,Byuz8vSkV
0013600001w15D4,Byuz8vSkV
0013600001w0fVT,Byuz8vSkV
0013600001w0gu9,Byuz8vSkV
0013600001w0iob,Byuz8vSkV
0013600001w0hvd,Byuz8vSkV
0013600001w0dm9,Byuz8vSkV
0013600001w0hiN,Byuz8vSkV
0013600001w0hIp,Byuz8vSkV
0013600001w0hpf,Byuz8vSkV
0013600001w0ijH,Byuz8vSkV
0013600001w0gz9,Byuz8vSkV
0013600001w0hAW,Byuz8vSkV
0013600001w0hVn,Byuz8vSkV
0013600001w0iZM,Byuz8vSkV
0013600001w0iao,Byuz8vSkV
0013600001w0iin,Byuz8vSkV
0013600001w0iyI,Byuz8vSkV
0013600001w0hMN,Byuz8vSkV
0013600001w0hAH,Byuz8vSkV
0013600001w0iFW,Byuz8vSkV
0013600001w0ifA,Byuz8vSkV
0013600001w0hZQ,Byuz8vSkV
0013600001w0oWK,Byuz8vSkV
0013600001w0ip0,Byuz8vSkV
0013600001w15PU,Byuz8vSkV
0013600001w15Vw,Byuz8vSkV
0013600001w15oe,Byuz8vSkV
0013600001w15Ii,Byuz8vSkV
0013600001w15KF,Byuz8vSkV
0013600001w15W6,Byuz8vSkV
0013600001w14fV,Byuz8vSkV
0013600001w15NE,Byuz8vSkV
0013600001w15Rf,Byuz8vSkV
0013600001w15Yb,Byuz8vSkV
0013600001w15SY,Byuz8vSkV
0013600001w15Ru,Byuz8vSkV
0013600001w15Q3,Byuz8vSkV
0011R000021pq2R,Byuz8vSkV
0011R000021pqa8,Byuz8vSkV
0011R000021pqdR,Byuz8vSkV
0011R000021pq4j,Byuz8vSkV
0011R000021pooP,Byuz8vSkV
0011R000021poqu,Byuz8vSkV
0011R000021pqFB,Byuz8vSkV
0011R000021pqVh,Byuz8vSkV
0011R000021pqbu,Byuz8vSkV
0011R000021pqDU,Byuz8vSkV
0011R000021pqHq,Byuz8vSkV
0011R000021pqcn,Byuz8vSkV
0011R000021pqe0,Byuz8vSkV
0011R000021ppdy,Byuz8vSkV
0011R000021pq3z,Byuz8vSkV
0011R000021pqKQ,Byuz8vSkV
0011R000021pqWf,Byuz8vSkV
0011R000021ppmP,Byuz8vSkV
0011R000021pqXd,Byuz8vSkV
0011R000021ppjd,Byuz8vSkV
0011R000021ppMZ,Byuz8vSkV
0011R000021ppo6,Byuz8vSkV
0011R000021ppfG,Byuz8vSkV
0011R000021pop3,Byuz8vSkV
0011R000021ppJJ,Byuz8vSkV
0011R000021posQ,Byuz8vSkV
0013600001w0fZa,Byuz8vSkV
0013600001w0icp,Byuz8vSkV
0013600001w0isZ,Byuz8vSkV
0013600001w0gtG,Byuz8vSkV
0013600001w0heu,Byuz8vSkV
0013600001w0ibc,Byuz8vSkV
0013600001w0oZd,Byuz8vSkV
0013600001w15AV,Byuz8vSkV
0013600001w15Vc,Byuz8vSkV
0013600001w15nb,Byuz8vSkV
0013600001w15Cz,Byuz8vSkV
0013600001w15Ov,Byuz8vSkV
0013600001w15VS,Byuz8vSkV
0013600001w15pc,Byuz8vSkV
0013600001w15Pj,Byuz8vSkV
0013600001w15ah,Byuz8vSkV
0013600001w15b6,Byuz8vSkV
0011R00001zBK2E,Byuz8vSkV
0011R00001zBiqg,Byuz8vSkV
0011R00001zC4ew,Byuz8vSkV
0011R000022g31E,Byuz8vSkV
0011R000022g33e,Byuz8vSkV
0011R000022g2yZ,Byuz8vSkV
0011R000022g36P,Byuz8vSkV
0011R000022g32R,Byuz8vSkV
0011R000022g34n,Byuz8vSkV
0011R000022g35v,Byuz8vSkV
0011R000022g38h,Byuz8vSkV
0011R000022g37W,Byuz8vSkV
0011R000021rAxA,Byuz8vSkV
0011R00001xsnbA,Byuz8vSkV
0011R00001xsmQb,Byuz8vSkV
0011R00001xsmSv,Byuz8vSkV
0011R00001zBiAb,Byuz8vSkV
0011R00001zC4y0,Byuz8vSkV
0011R00001zC4wi,Byuz8vSkV
0011R00001zC4SC,Byuz8vSkV
0011R00001zC5Ec,Byuz8vSkV
0011R00001zC4Xj,Byuz8vSkV
0011R00001zC4YS,Byuz8vSkV
0011R00001zC58A,Byuz8vSkV
0011R00001zEfbm,Byuz8vSkV
0011R00001zEfcp,Byuz8vSkV
0011R00001zEfdJ,Byuz8vSkV
0011R00001zEfev,Byuz8vSkV
0011R00001zEfZb,Byuz8vSkV
0011R00001zEfaK,Byuz8vSkV
0011R00001zEfeW,Byuz8vSkV
0011R00001zEfb3,Byuz8vSkV
0011R00001zEfe7,Byuz8vSkV
0011R000024lNA7,Byuz8vSkV
0011R00001xsovN,Byuz8vSkV
0013600001w26ay,Byuz8vSkV
0011R00001zEpwl,Byuz8vSkV
0011R00001zEptI,Byuz8vSkV
0011R00001zEpv4,Byuz8vSkV
0011R00001zEpp5,Byuz8vSkV
0011R00001zEprq,Byuz8vSkV
0011R000024lXkr,Byuz8vSkV
0011R000024mlnb,Byuz8vSkV
0011R000024n1OO,Byuz8vSkV
0011R000024n2yD,Byuz8vSkV
0011R000024n1PC,Byuz8vSkV
0011R000024n1QJ,Byuz8vSkV
0011R000024n1N6,Byuz8vSkV
0011R000024n2n3,Byuz8vSkV
0011R000024n2zq,Byuz8vSkV
0011R000024n1LX,Byuz8vSkV
0011R000024n1Mc,Byuz8vSkV
0011R000024n38b,Byuz8vSkV
0011R000024n39n,Byuz8vSkV
0011R000024n2oq,Byuz8vSkV
0011R000024n3Dw,Byuz8vSkV
0011R000024n1Kk,Byuz8vSkV
0011R000024n3CA,Byuz8vSkV
0011R000024n30f,Byuz8vSkV
0011R000024n2mZ,Byuz8vSkV
0011R000025h6rb,Byuz8vSkV
0011R000025h8TP,Byuz8vSkV
0011R000025h6o4,Byuz8vSkV
0011R000025h6nG,Byuz8vSkV
0011R000025h8WH,Byuz8vSkV
0011R000025h8OT,Byuz8vSkV
0011R000025h8Ox,Byuz8vSkV
0011R000025h8QD,Byuz8vSkV
0011R000025h8XP,Byuz8vSkV
0011R000025h6ty,Byuz8vSkV
0011R000025h6qM,Byuz8vSkV
0011R000025h80N,Byuz8vSkV
0011R000025iCq3,Byuz8vSkV
0011R000025iCu3,Byuz8vSkV
0011R000025iFIt,Byuz8vSkV
0011R000025iFJi,Byuz8vSkV
0013600001uae7A,Byuz8vSkV
0011R00001xssDx,Byuz8vSkV
0013600001xraMu,Byuz8vSkV
0011R00001xsmOa,Byuz8vSkV
0011R00001xsn3e,Byuz8vSkV
0013600001xrotB,Byuz8vSkV
0013600001w2MNO,Byuz8vSkV
0013600001xrBkD,Byuz8vSkV
0013600001xpl0a,Byuz8vSkV
0013600001xpha1,Byuz8vSkV
0013600001xpnz4,Byuz8vSkV
0013600001xpkyF,Byuz8vSkV
0013600001msyOz,Byuz8vSkV
0011R00001zBadT,Byuz8vSkV
0011R00001zBabh,Byuz8vSkV
0011R00001zBacf,Byuz8vSkV
0013600001xqHLM,Byuz8vSkV
0013600001xqK2m,Byuz8vSkV
0013600001xq5jh,Byuz8vSkV
0013600001xrS3j,Byuz8vSkV
0013600001xrZM0,Byuz8vSkV
0013600001xraQu,Byuz8vSkV
0011R00001xsnId,Byuz8vSkV
0011R00001xsmf6,Byuz8vSkV
0011R00001xsnLJ,Byuz8vSkV
0011R00001xsnYI,Byuz8vSkV
0011R00001xsmKw,Byuz8vSkV
0011R00001zEpi9,Byuz8vSkV
0011R00001zEpkU,Byuz8vSkV
0013600001pLKNT,Byuz8vSkV
0011R00001xsnEu,Byuz8vSkV
0011R00001xsmgn,Byuz8vSkV
0011R00001xsnH5,Byuz8vSkV
0011R00001xsox4,Byuz8vSkV
0011R00001zBiyW,Byuz8vSkV
0013600001xrZSS,Byuz8vSkV
0013600001xrZVM,Byuz8vSkV
0013600001xraL6,Byuz8vSkV
0011R00001xsmDL,Byuz8vSkV
0011R00001xsmMt,Byuz8vSkV
0011R00001xsnJW,Byuz8vSkV
0011R00001xsnKe,Byuz8vSkV
0011R00001xsnfX,Byuz8vSkV
0011R00001xsmPn,Byuz8vSkV
0011R00001xt2cO,Byuz8vSkV
0011R00001xtKjh,Byuz8vSkV
0013600001qwfjN,Byuz8vSkV
0013600001qvXge,Byuz8vSkV
0011R00001zBafd,Byuz8vSkV
